DateOfDeparture;ATL;BOS;CLT;DEN;DFW;DTW;EWR;IAH;JFK;LAS;LAX;LGA;MCO;MIA;MSP;ORD;PHL;PHX;SEA;SFO
01/01/2011;47;44;30;53;43;44;63;96;63;63;41;63;59;64;79;63;54;25;37;67
02/01/2011;47;44;30;53;43;44;63;96;63;63;41;63;59;64;79;63;54;25;37;67
03/01/2011;47;44;30;53;43;44;63;96;63;63;41;63;59;64;79;63;54;25;37;67
04/01/2011;47;44;30;53;43;44;63;96;63;63;41;63;59;64;79;63;54;25;37;67
05/01/2011;47;44;30;53;43;44;63;96;63;63;41;63;59;64;79;63;54;25;37;67
06/01/2011;47;44;30;53;43;44;63;96;63;63;41;63;59;64;79;63;54;25;37;67
07/01/2011;47;44;30;53;43;44;63;96;63;63;41;63;59;64;79;63;54;25;37;67
08/01/2011;47;44;30;53;43;44;63;96;63;63;41;63;59;64;79;63;54;25;37;67
09/01/2011;100;71;100;83;76;66;81;81;81;70;34;81;93;67;53;72;57;30;73;46
10/01/2011;100;71;100;83;76;66;81;81;81;70;34;81;93;67;53;72;57;30;73;46
11/01/2011;100;71;100;83;76;66;81;81;81;70;34;81;93;67;53;72;57;30;73;46
12/01/2011;100;71;100;83;76;66;81;81;81;70;34;81;93;67;53;72;57;30;73;46
13/01/2011;100;71;100;83;76;66;81;81;81;70;34;81;93;67;53;72;57;30;73;46
14/01/2011;100;71;100;83;76;66;81;81;81;70;34;81;93;67;53;72;57;30;73;46
15/01/2011;100;71;100;83;76;66;81;81;81;70;34;81;93;67;53;72;57;30;73;46
16/01/2011;38;48;40;53;43;51;63;62;63;72;31;63;52;69;76;54;74;26;57;58
17/01/2011;38;48;40;53;43;51;63;62;63;72;31;63;52;69;76;54;74;26;57;58
18/01/2011;38;48;40;53;43;51;63;62;63;72;31;63;52;69;76;54;74;26;57;58
19/01/2011;38;48;40;53;43;51;63;62;63;72;31;63;52;69;76;54;74;26;57;58
20/01/2011;38;48;40;53;43;51;63;62;63;72;31;63;52;69;76;54;74;26;57;58
21/01/2011;38;48;40;53;43;51;63;62;63;72;31;63;52;69;76;54;74;26;57;58
22/01/2011;38;48;40;53;43;51;63;62;63;72;31;63;52;69;76;54;74;26;57;58
23/01/2011;33;58;31;65;55;34;96;63;96;72;27;96;68;68;34;63;67;22;60;51
24/01/2011;33;58;31;65;55;34;96;63;96;72;27;96;68;68;34;63;67;22;60;51
25/01/2011;33;58;31;65;55;34;96;63;96;72;27;96;68;68;34;63;67;22;60;51
26/01/2011;33;58;31;65;55;34;96;63;96;72;27;96;68;68;34;63;67;22;60;51
27/01/2011;33;58;31;65;55;34;96;63;96;72;27;96;68;68;34;63;67;22;60;51
28/01/2011;33;58;31;65;55;34;96;63;96;72;27;96;68;68;34;63;67;22;60;51
29/01/2011;33;58;31;65;55;34;96;63;96;72;27;96;68;68;34;63;67;22;60;51
30/01/2011;39;68;50;53;100;67;72;94;72;81;25;72;61;62;72;94;62;24;50;88
31/01/2011;39;68;50;53;100;67;72;94;72;81;25;72;61;62;72;94;62;24;50;88
01/02/2011;39;68;50;53;100;67;72;94;72;81;25;72;61;62;72;94;62;24;50;88
02/02/2011;39;68;50;53;100;67;72;94;72;81;25;72;61;62;72;94;62;24;50;88
03/02/2011;39;68;50;53;100;67;72;94;72;81;25;72;61;62;72;94;62;24;50;88
04/02/2011;39;68;50;53;100;67;72;94;72;81;25;72;61;62;72;94;62;24;50;88
05/02/2011;39;68;50;53;100;67;72;94;72;81;25;72;61;62;72;94;62;24;50;88
06/02/2011;32;30;19;44;48;50;58;58;58;75;29;58;63;52;53;48;25;27;44;75
07/02/2011;32;30;19;44;48;50;58;58;58;75;29;58;63;52;53;48;25;27;44;75
08/02/2011;32;30;19;44;48;50;58;58;58;75;29;58;63;52;53;48;25;27;44;75
09/02/2011;32;30;19;44;48;50;58;58;58;75;29;58;63;52;53;48;25;27;44;75
10/02/2011;32;30;19;44;48;50;58;58;58;75;29;58;63;52;53;48;25;27;44;75
11/02/2011;32;30;19;44;48;50;58;58;58;75;29;58;63;52;53;48;25;27;44;75
12/02/2011;32;30;19;44;48;50;58;58;58;75;29;58;63;52;53;48;25;27;44;75
13/02/2011;27;35;23;45;40;40;57;37;57;82;25;57;74;58;54;53;32;31;39;53
14/02/2011;27;35;23;45;40;40;57;37;57;82;25;57;74;58;54;53;32;31;39;53
15/02/2011;27;35;23;45;40;40;57;37;57;82;25;57;74;58;54;53;32;31;39;53
16/02/2011;27;35;23;45;40;40;57;37;57;82;25;57;74;58;54;53;32;31;39;53
17/02/2011;27;35;23;45;40;40;57;37;57;82;25;57;74;58;54;53;32;31;39;53
18/02/2011;27;35;23;45;40;40;57;37;57;82;25;57;74;58;54;53;32;31;39;53
19/02/2011;27;35;23;45;40;40;57;37;57;82;25;57;74;58;54;53;32;31;39;53
20/02/2011;30;65;25;50;55;100;69;54;69;60;29;69;96;69;96;83;39;21;48;80
21/02/2011;30;65;25;50;55;100;69;54;69;60;29;69;96;69;96;83;39;21;48;80
22/02/2011;30;65;25;50;55;100;69;54;69;60;29;69;96;69;96;83;39;21;48;80
23/02/2011;30;65;25;50;55;100;69;54;69;60;29;69;96;69;96;83;39;21;48;80
24/02/2011;30;65;25;50;55;100;69;54;69;60;29;69;96;69;96;83;39;21;48;80
25/02/2011;30;65;25;50;55;100;69;54;69;60;29;69;96;69;96;83;39;21;48;80
26/02/2011;30;65;25;50;55;100;69;54;69;60;29;69;96;69;96;83;39;21;48;80
27/02/2011;29;40;35;52;51;52;49;57;49;68;29;49;95;67;67;59;51;33;52;41
28/02/2011;29;40;35;52;51;52;49;57;49;68;29;49;95;67;67;59;51;33;52;41
01/03/2011;29;40;35;52;51;52;49;57;49;68;29;49;95;67;67;59;51;33;52;41
02/03/2011;29;40;35;52;51;52;49;57;49;68;29;49;95;67;67;59;51;33;52;41
03/03/2011;29;40;35;52;51;52;49;57;49;68;29;49;95;67;67;59;51;33;52;41
04/03/2011;29;40;35;52;51;52;49;57;49;68;29;49;95;67;67;59;51;33;52;41
05/03/2011;29;40;35;52;51;52;49;57;49;68;29;49;95;67;67;59;51;33;52;41
06/03/2011;44;65;33;37;53;40;78;46;78;72;35;78;54;94;40;64;51;24;57;53
07/03/2011;44;65;33;37;53;40;78;46;78;72;35;78;54;94;40;64;51;24;57;53
08/03/2011;44;65;33;37;53;40;78;46;78;72;35;78;54;94;40;64;51;24;57;53
09/03/2011;44;65;33;37;53;40;78;46;78;72;35;78;54;94;40;64;51;24;57;53
10/03/2011;44;65;33;37;53;40;78;46;78;72;35;78;54;94;40;64;51;24;57;53
11/03/2011;44;65;33;37;53;40;78;46;78;72;35;78;54;94;40;64;51;24;57;53
12/03/2011;44;65;33;37;53;40;78;46;78;72;35;78;54;94;40;64;51;24;57;53
13/03/2011;26;38;22;47;44;42;70;40;70;64;31;70;62;48;46;68;50;26;67;47
14/03/2011;26;38;22;47;44;42;70;40;70;64;31;70;62;48;46;68;50;26;67;47
15/03/2011;26;38;22;47;44;42;70;40;70;64;31;70;62;48;46;68;50;26;67;47
16/03/2011;26;38;22;47;44;42;70;40;70;64;31;70;62;48;46;68;50;26;67;47
17/03/2011;26;38;22;47;44;42;70;40;70;64;31;70;62;48;46;68;50;26;67;47
18/03/2011;26;38;22;47;44;42;70;40;70;64;31;70;62;48;46;68;50;26;67;47
19/03/2011;26;38;22;47;44;42;70;40;70;64;31;70;62;48;46;68;50;26;67;47
20/03/2011;28;42;37;22;45;60;61;73;61;66;33;61;53;79;93;64;54;24;51;62
21/03/2011;28;42;37;22;45;60;61;73;61;66;33;61;53;79;93;64;54;24;51;62
22/03/2011;28;42;37;22;45;60;61;73;61;66;33;61;53;79;93;64;54;24;51;62
23/03/2011;28;42;37;22;45;60;61;73;61;66;33;61;53;79;93;64;54;24;51;62
24/03/2011;28;42;37;22;45;60;61;73;61;66;33;61;53;79;93;64;54;24;51;62
25/03/2011;28;42;37;22;45;60;61;73;61;66;33;61;53;79;93;64;54;24;51;62
26/03/2011;28;42;37;22;45;60;61;73;61;66;33;61;53;79;93;64;54;24;51;62
27/03/2011;28;54;23;34;34;77;59;57;59;68;27;59;97;76;43;67;40;19;77;37
28/03/2011;28;54;23;34;34;77;59;57;59;68;27;59;97;76;43;67;40;19;77;37
29/03/2011;28;54;23;34;34;77;59;57;59;68;27;59;97;76;43;67;40;19;77;37
30/03/2011;28;54;23;34;34;77;59;57;59;68;27;59;97;76;43;67;40;19;77;37
31/03/2011;28;54;23;34;34;77;59;57;59;68;27;59;97;76;43;67;40;19;77;37
01/04/2011;28;54;23;34;34;77;59;57;59;68;27;59;97;76;43;67;40;19;77;37
02/04/2011;28;54;23;34;34;77;59;57;59;68;27;59;97;76;43;67;40;19;77;37
03/04/2011;26;27;35;39;46;56;52;46;52;62;34;52;70;58;50;56;37;26;58;31
04/04/2011;26;27;35;39;46;56;52;46;52;62;34;52;70;58;50;56;37;26;58;31
05/04/2011;26;27;35;39;46;56;52;46;52;62;34;52;70;58;50;56;37;26;58;31
06/04/2011;26;27;35;39;46;56;52;46;52;62;34;52;70;58;50;56;37;26;58;31
07/04/2011;26;27;35;39;46;56;52;46;52;62;34;52;70;58;50;56;37;26;58;31
08/04/2011;26;27;35;39;46;56;52;46;52;62;34;52;70;58;50;56;37;26;58;31
09/04/2011;26;27;35;39;46;56;52;46;52;62;34;52;70;58;50;56;37;26;58;31
10/04/2011;27;63;43;53;45;37;60;36;60;66;30;60;61;50;33;53;42;23;86;86
11/04/2011;27;63;43;53;45;37;60;36;60;66;30;60;61;50;33;53;42;23;86;86
12/04/2011;27;63;43;53;45;37;60;36;60;66;30;60;61;50;33;53;42;23;86;86
13/04/2011;27;63;43;53;45;37;60;36;60;66;30;60;61;50;33;53;42;23;86;86
14/04/2011;27;63;43;53;45;37;60;36;60;66;30;60;61;50;33;53;42;23;86;86
15/04/2011;27;63;43;53;45;37;60;36;60;66;30;60;61;50;33;53;42;23;86;86
16/04/2011;27;63;43;53;45;37;60;36;60;66;30;60;61;50;33;53;42;23;86;86
17/04/2011;27;53;27;42;53;57;68;62;68;76;40;68;51;50;41;78;48;15;61;42
18/04/2011;27;53;27;42;53;57;68;62;68;76;40;68;51;50;41;78;48;15;61;42
19/04/2011;27;53;27;42;53;57;68;62;68;76;40;68;51;50;41;78;48;15;61;42
20/04/2011;27;53;27;42;53;57;68;62;68;76;40;68;51;50;41;78;48;15;61;42
21/04/2011;27;53;27;42;53;57;68;62;68;76;40;68;51;50;41;78;48;15;61;42
22/04/2011;27;53;27;42;53;57;68;62;68;76;40;68;51;50;41;78;48;15;61;42
23/04/2011;27;53;27;42;53;57;68;62;68;76;40;68;51;50;41;78;48;15;61;42
24/04/2011;26;52;32;37;48;67;78;57;78;63;35;78;57;55;64;75;49;20;62;50
25/04/2011;26;52;32;37;48;67;78;57;78;63;35;78;57;55;64;75;49;20;62;50
26/04/2011;26;52;32;37;48;67;78;57;78;63;35;78;57;55;64;75;49;20;62;50
27/04/2011;26;52;32;37;48;67;78;57;78;63;35;78;57;55;64;75;49;20;62;50
28/04/2011;26;52;32;37;48;67;78;57;78;63;35;78;57;55;64;75;49;20;62;50
29/04/2011;26;52;32;37;48;67;78;57;78;63;35;78;57;55;64;75;49;20;62;50
30/04/2011;26;52;32;37;48;67;78;57;78;63;35;78;57;55;64;75;49;20;62;50
01/05/2011;24;40;21;44;40;47;55;59;55;44;30;55;41;52;33;52;43;25;50;62
02/05/2011;24;40;21;44;40;47;55;59;55;44;30;55;41;52;33;52;43;25;50;62
03/05/2011;24;40;21;44;40;47;55;59;55;44;30;55;41;52;33;52;43;25;50;62
04/05/2011;24;40;21;44;40;47;55;59;55;44;30;55;41;52;33;52;43;25;50;62
05/05/2011;24;40;21;44;40;47;55;59;55;44;30;55;41;52;33;52;43;25;50;62
06/05/2011;24;40;21;44;40;47;55;59;55;44;30;55;41;52;33;52;43;25;50;62
07/05/2011;24;40;21;44;40;47;55;59;55;44;30;55;41;52;33;52;43;25;50;62
08/05/2011;28;50;32;40;54;57;74;80;74;57;30;74;70;62;68;74;65;31;69;54
09/05/2011;28;50;32;40;54;57;74;80;74;57;30;74;70;62;68;74;65;31;69;54
10/05/2011;28;50;32;40;54;57;74;80;74;57;30;74;70;62;68;74;65;31;69;54
11/05/2011;28;50;32;40;54;57;74;80;74;57;30;74;70;62;68;74;65;31;69;54
12/05/2011;28;50;32;40;54;57;74;80;74;57;30;74;70;62;68;74;65;31;69;54
13/05/2011;28;50;32;40;54;57;74;80;74;57;30;74;70;62;68;74;65;31;69;54
14/05/2011;28;50;32;40;54;57;74;80;74;57;30;74;70;62;68;74;65;31;69;54
15/05/2011;37;40;51;49;54;52;71;57;71;72;34;71;68;78;47;79;50;100;56;59
16/05/2011;37;40;51;49;54;52;71;57;71;72;34;71;68;78;47;79;50;100;56;59
17/05/2011;37;40;51;49;54;52;71;57;71;72;34;71;68;78;47;79;50;100;56;59
18/05/2011;37;40;51;49;54;52;71;57;71;72;34;71;68;78;47;79;50;100;56;59
19/05/2011;37;40;51;49;54;52;71;57;71;72;34;71;68;78;47;79;50;100;56;59
20/05/2011;37;40;51;49;54;52;71;57;71;72;34;71;68;78;47;79;50;100;56;59
21/05/2011;37;40;51;49;54;52;71;57;71;72;34;71;68;78;47;79;50;100;56;59
22/05/2011;44;57;46;47;71;53;75;69;75;57;34;75;76;67;61;94;48;26;65;91
23/05/2011;44;57;46;47;71;53;75;69;75;57;34;75;76;67;61;94;48;26;65;91
24/05/2011;44;57;46;47;71;53;75;69;75;57;34;75;76;67;61;94;48;26;65;91
25/05/2011;44;57;46;47;71;53;75;69;75;57;34;75;76;67;61;94;48;26;65;91
26/05/2011;44;57;46;47;71;53;75;69;75;57;34;75;76;67;61;94;48;26;65;91
27/05/2011;44;57;46;47;71;53;75;69;75;57;34;75;76;67;61;94;48;26;65;91
28/05/2011;44;57;46;47;71;53;75;69;75;57;34;75;76;67;61;94;48;26;65;91
29/05/2011;43;50;21;39;49;55;65;59;65;56;39;65;68;70;57;80;32;25;68;20
30/05/2011;43;50;21;39;49;55;65;59;65;56;39;65;68;70;57;80;32;25;68;20
31/05/2011;43;50;21;39;49;55;65;59;65;56;39;65;68;70;57;80;32;25;68;20
01/06/2011;43;50;21;39;49;55;65;59;65;56;39;65;68;70;57;80;32;25;68;20
02/06/2011;43;50;21;39;49;55;65;59;65;56;39;65;68;70;57;80;32;25;68;20
03/06/2011;43;50;21;39;49;55;65;59;65;56;39;65;68;70;57;80;32;25;68;20
04/06/2011;43;50;21;39;49;55;65;59;65;56;39;65;68;70;57;80;32;25;68;20
05/06/2011;37;55;50;50;42;51;77;66;77;72;38;77;56;78;75;94;55;43;59;63
06/06/2011;37;55;50;50;42;51;77;66;77;72;38;77;56;78;75;94;55;43;59;63
07/06/2011;37;55;50;50;42;51;77;66;77;72;38;77;56;78;75;94;55;43;59;63
08/06/2011;37;55;50;50;42;51;77;66;77;72;38;77;56;78;75;94;55;43;59;63
09/06/2011;37;55;50;50;42;51;77;66;77;72;38;77;56;78;75;94;55;43;59;63
10/06/2011;37;55;50;50;42;51;77;66;77;72;38;77;56;78;75;94;55;43;59;63
11/06/2011;37;55;50;50;42;51;77;66;77;72;38;77;56;78;75;94;55;43;59;63
12/06/2011;35;48;40;40;54;55;76;79;76;84;36;76;69;69;58;79;57;36;63;90
13/06/2011;35;48;40;40;54;55;76;79;76;84;36;76;69;69;58;79;57;36;63;90
14/06/2011;35;48;40;40;54;55;76;79;76;84;36;76;69;69;58;79;57;36;63;90
15/06/2011;35;48;40;40;54;55;76;79;76;84;36;76;69;69;58;79;57;36;63;90
16/06/2011;35;48;40;40;54;55;76;79;76;84;36;76;69;69;58;79;57;36;63;90
17/06/2011;35;48;40;40;54;55;76;79;76;84;36;76;69;69;58;79;57;36;63;90
18/06/2011;35;48;40;40;54;55;76;79;76;84;36;76;69;69;58;79;57;36;63;90
19/06/2011;41;77;50;50;55;64;78;87;78;65;45;78;70;60;55;100;38;29;80;54
20/06/2011;41;77;50;50;55;64;78;87;78;65;45;78;70;60;55;100;38;29;80;54
21/06/2011;41;77;50;50;55;64;78;87;78;65;45;78;70;60;55;100;38;29;80;54
22/06/2011;41;77;50;50;55;64;78;87;78;65;45;78;70;60;55;100;38;29;80;54
23/06/2011;41;77;50;50;55;64;78;87;78;65;45;78;70;60;55;100;38;29;80;54
24/06/2011;41;77;50;50;55;64;78;87;78;65;45;78;70;60;55;100;38;29;80;54
25/06/2011;41;77;50;50;55;64;78;87;78;65;45;78;70;60;55;100;38;29;80;54
26/06/2011;35;53;27;49;61;52;68;76;68;80;45;68;69;62;56;94;30;40;83;75
27/06/2011;35;53;27;49;61;52;68;76;68;80;45;68;69;62;56;94;30;40;83;75
28/06/2011;35;53;27;49;61;52;68;76;68;80;45;68;69;62;56;94;30;40;83;75
29/06/2011;35;53;27;49;61;52;68;76;68;80;45;68;69;62;56;94;30;40;83;75
30/06/2011;35;53;27;49;61;52;68;76;68;80;45;68;69;62;56;94;30;40;83;75
01/07/2011;35;53;27;49;61;52;68;76;68;80;45;68;69;62;56;94;30;40;83;75
02/07/2011;35;53;27;49;61;52;68;76;68;80;45;68;69;62;56;94;30;40;83;75
03/07/2011;43;51;47;77;43;47;66;73;66;64;31;66;64;53;54;72;63;29;65;47
04/07/2011;43;51;47;77;43;47;66;73;66;64;31;66;64;53;54;72;63;29;65;47
05/07/2011;43;51;47;77;43;47;66;73;66;64;31;66;64;53;54;72;63;29;65;47
06/07/2011;43;51;47;77;43;47;66;73;66;64;31;66;64;53;54;72;63;29;65;47
07/07/2011;43;51;47;77;43;47;66;73;66;64;31;66;64;53;54;72;63;29;65;47
08/07/2011;43;51;47;77;43;47;66;73;66;64;31;66;64;53;54;72;63;29;65;47
09/07/2011;43;51;47;77;43;47;66;73;66;64;31;66;64;53;54;72;63;29;65;47
10/07/2011;42;62;44;45;61;38;74;47;74;85;41;74;84;65;68;68;47;25;82;50
11/07/2011;42;62;44;45;61;38;74;47;74;85;41;74;84;65;68;68;47;25;82;50
12/07/2011;42;62;44;45;61;38;74;47;74;85;41;74;84;65;68;68;47;25;82;50
13/07/2011;42;62;44;45;61;38;74;47;74;85;41;74;84;65;68;68;47;25;82;50
14/07/2011;42;62;44;45;61;38;74;47;74;85;41;74;84;65;68;68;47;25;82;50
15/07/2011;42;62;44;45;61;38;74;47;74;85;41;74;84;65;68;68;47;25;82;50
16/07/2011;42;62;44;45;61;38;74;47;74;85;41;74;84;65;68;68;47;25;82;50
17/07/2011;42;71;26;76;53;44;73;70;73;81;39;73;65;74;90;77;74;48;78;56
18/07/2011;42;71;26;76;53;44;73;70;73;81;39;73;65;74;90;77;74;48;78;56
19/07/2011;42;71;26;76;53;44;73;70;73;81;39;73;65;74;90;77;74;48;78;56
20/07/2011;42;71;26;76;53;44;73;70;73;81;39;73;65;74;90;77;74;48;78;56
21/07/2011;42;71;26;76;53;44;73;70;73;81;39;73;65;74;90;77;74;48;78;56
22/07/2011;42;71;26;76;53;44;73;70;73;81;39;73;65;74;90;77;74;48;78;56
23/07/2011;42;71;26;76;53;44;73;70;73;81;39;73;65;74;90;77;74;48;78;56
24/07/2011;46;39;31;56;50;55;81;67;81;73;40;81;82;79;53;76;46;25;58;65
25/07/2011;46;39;31;56;50;55;81;67;81;73;40;81;82;79;53;76;46;25;58;65
26/07/2011;46;39;31;56;50;55;81;67;81;73;40;81;82;79;53;76;46;25;58;65
27/07/2011;46;39;31;56;50;55;81;67;81;73;40;81;82;79;53;76;46;25;58;65
28/07/2011;46;39;31;56;50;55;81;67;81;73;40;81;82;79;53;76;46;25;58;65
29/07/2011;46;39;31;56;50;55;81;67;81;73;40;81;82;79;53;76;46;25;58;65
30/07/2011;46;39;31;56;50;55;81;67;81;73;40;81;82;79;53;76;46;25;58;65
31/07/2011;33;54;29;70;44;53;67;59;67;76;37;67;59;82;59;72;46;27;79;89
01/08/2011;33;54;29;70;44;53;67;59;67;76;37;67;59;82;59;72;46;27;79;89
02/08/2011;33;54;29;70;44;53;67;59;67;76;37;67;59;82;59;72;46;27;79;89
03/08/2011;33;54;29;70;44;53;67;59;67;76;37;67;59;82;59;72;46;27;79;89
04/08/2011;33;54;29;70;44;53;67;59;67;76;37;67;59;82;59;72;46;27;79;89
05/08/2011;33;54;29;70;44;53;67;59;67;76;37;67;59;82;59;72;46;27;79;89
06/08/2011;33;54;29;70;44;53;67;59;67;76;37;67;59;82;59;72;46;27;79;89
07/08/2011;29;52;19;50;41;50;67;58;67;65;41;67;58;70;26;74;47;44;78;54
08/08/2011;29;52;19;50;41;50;67;58;67;65;41;67;58;70;26;74;47;44;78;54
09/08/2011;29;52;19;50;41;50;67;58;67;65;41;67;58;70;26;74;47;44;78;54
10/08/2011;29;52;19;50;41;50;67;58;67;65;41;67;58;70;26;74;47;44;78;54
11/08/2011;29;52;19;50;41;50;67;58;67;65;41;67;58;70;26;74;47;44;78;54
12/08/2011;29;52;19;50;41;50;67;58;67;65;41;67;58;70;26;74;47;44;78;54
13/08/2011;29;52;19;50;41;50;67;58;67;65;41;67;58;70;26;74;47;44;78;54
14/08/2011;39;66;38;34;50;57;81;55;81;69;23;81;61;60;56;59;50;30;75;68
15/08/2011;39;66;38;34;50;57;81;55;81;69;23;81;61;60;56;59;50;30;75;68
16/08/2011;39;66;38;34;50;57;81;55;81;69;23;81;61;60;56;59;50;30;75;68
17/08/2011;39;66;38;34;50;57;81;55;81;69;23;81;61;60;56;59;50;30;75;68
18/08/2011;39;66;38;34;50;57;81;55;81;69;23;81;61;60;56;59;50;30;75;68
19/08/2011;39;66;38;34;50;57;81;55;81;69;23;81;61;60;56;59;50;30;75;68
20/08/2011;39;66;38;34;50;57;81;55;81;69;23;81;61;60;56;59;50;30;75;68
21/08/2011;43;99;62;66;45;57;100;61;100;71;31;100;78;50;61;75;91;24;53;65
22/08/2011;43;99;62;66;45;57;100;61;100;71;31;100;78;50;61;75;91;24;53;65
23/08/2011;43;99;62;66;45;57;100;61;100;71;31;100;78;50;61;75;91;24;53;65
24/08/2011;43;99;62;66;45;57;100;61;100;71;31;100;78;50;61;75;91;24;53;65
25/08/2011;43;99;62;66;45;57;100;61;100;71;31;100;78;50;61;75;91;24;53;65
26/08/2011;43;99;62;66;45;57;100;61;100;71;31;100;78;50;61;75;91;24;53;65
27/08/2011;43;99;62;66;45;57;100;61;100;71;31;100;78;50;61;75;91;24;53;65
28/08/2011;31;55;20;47;56;41;87;66;87;62;28;87;49;45;44;68;60;23;62;65
29/08/2011;31;55;20;47;56;41;87;66;87;62;28;87;49;45;44;68;60;23;62;65
30/08/2011;31;55;20;47;56;41;87;66;87;62;28;87;49;45;44;68;60;23;62;65
31/08/2011;31;55;20;47;56;41;87;66;87;62;28;87;49;45;44;68;60;23;62;65
01/09/2011;31;55;20;47;56;41;87;66;87;62;28;87;49;45;44;68;60;23;62;65
02/09/2011;31;55;20;47;56;41;87;66;87;62;28;87;49;45;44;68;60;23;62;65
03/09/2011;31;55;20;47;56;41;87;66;87;62;28;87;49;45;44;68;60;23;62;65
04/09/2011;37;57;44;45;50;24;65;51;65;72;34;65;64;47;42;52;63;29;53;42
05/09/2011;37;57;44;45;50;24;65;51;65;72;34;65;64;47;42;52;63;29;53;42
06/09/2011;37;57;44;45;50;24;65;51;65;72;34;65;64;47;42;52;63;29;53;42
07/09/2011;37;57;44;45;50;24;65;51;65;72;34;65;64;47;42;52;63;29;53;42
08/09/2011;37;57;44;45;50;24;65;51;65;72;34;65;64;47;42;52;63;29;53;42
09/09/2011;37;57;44;45;50;24;65;51;65;72;34;65;64;47;42;52;63;29;53;42
10/09/2011;37;57;44;45;50;24;65;51;65;72;34;65;64;47;42;52;63;29;53;42
11/09/2011;28;53;32;43;52;84;90;55;90;62;36;90;52;72;77;74;48;32;69;52
12/09/2011;28;53;32;43;52;84;90;55;90;62;36;90;52;72;77;74;48;32;69;52
13/09/2011;28;53;32;43;52;84;90;55;90;62;36;90;52;72;77;74;48;32;69;52
14/09/2011;28;53;32;43;52;84;90;55;90;62;36;90;52;72;77;74;48;32;69;52
15/09/2011;28;53;32;43;52;84;90;55;90;62;36;90;52;72;77;74;48;32;69;52
16/09/2011;28;53;32;43;52;84;90;55;90;62;36;90;52;72;77;74;48;32;69;52
17/09/2011;28;53;32;43;52;84;90;55;90;62;36;90;52;72;77;74;48;32;69;52
18/09/2011;28;58;47;52;40;59;59;64;59;59;33;59;61;55;61;71;32;22;48;54
19/09/2011;28;58;47;52;40;59;59;64;59;59;33;59;61;55;61;71;32;22;48;54
20/09/2011;28;58;47;52;40;59;59;64;59;59;33;59;61;55;61;71;32;22;48;54
21/09/2011;28;58;47;52;40;59;59;64;59;59;33;59;61;55;61;71;32;22;48;54
22/09/2011;28;58;47;52;40;59;59;64;59;59;33;59;61;55;61;71;32;22;48;54
23/09/2011;28;58;47;52;40;59;59;64;59;59;33;59;61;55;61;71;32;22;48;54
24/09/2011;28;58;47;52;40;59;59;64;59;59;33;59;61;55;61;71;32;22;48;54
25/09/2011;32;42;34;47;35;27;64;63;64;54;24;64;63;49;49;60;32;19;40;57
26/09/2011;32;42;34;47;35;27;64;63;64;54;24;64;63;49;49;60;32;19;40;57
27/09/2011;32;42;34;47;35;27;64;63;64;54;24;64;63;49;49;60;32;19;40;57
28/09/2011;32;42;34;47;35;27;64;63;64;54;24;64;63;49;49;60;32;19;40;57
29/09/2011;32;42;34;47;35;27;64;63;64;54;24;64;63;49;49;60;32;19;40;57
30/09/2011;32;42;34;47;35;27;64;63;64;54;24;64;63;49;49;60;32;19;40;57
01/10/2011;32;42;34;47;35;27;64;63;64;54;24;64;63;49;49;60;32;19;40;57
02/10/2011;31;59;26;42;40;45;58;61;58;52;22;58;73;65;33;62;38;14;82;63
03/10/2011;31;59;26;42;40;45;58;61;58;52;22;58;73;65;33;62;38;14;82;63
04/10/2011;31;59;26;42;40;45;58;61;58;52;22;58;73;65;33;62;38;14;82;63
05/10/2011;31;59;26;42;40;45;58;61;58;52;22;58;73;65;33;62;38;14;82;63
06/10/2011;31;59;26;42;40;45;58;61;58;52;22;58;73;65;33;62;38;14;82;63
07/10/2011;31;59;26;42;40;45;58;61;58;52;22;58;73;65;33;62;38;14;82;63
08/10/2011;31;59;26;42;40;45;58;61;58;52;22;58;73;65;33;62;38;14;82;63
09/10/2011;35;53;30;39;54;48;63;47;63;60;27;63;67;53;48;59;40;29;52;53
10/10/2011;35;53;30;39;54;48;63;47;63;60;27;63;67;53;48;59;40;29;52;53
11/10/2011;35;53;30;39;54;48;63;47;63;60;27;63;67;53;48;59;40;29;52;53
12/10/2011;35;53;30;39;54;48;63;47;63;60;27;63;67;53;48;59;40;29;52;53
13/10/2011;35;53;30;39;54;48;63;47;63;60;27;63;67;53;48;59;40;29;52;53
14/10/2011;35;53;30;39;54;48;63;47;63;60;27;63;67;53;48;59;40;29;52;53
15/10/2011;35;53;30;39;54;48;63;47;63;60;27;63;67;53;48;59;40;29;52;53
16/10/2011;25;57;28;33;41;47;55;60;55;59;30;55;59;49;30;60;44;23;51;39
17/10/2011;25;57;28;33;41;47;55;60;55;59;30;55;59;49;30;60;44;23;51;39
18/10/2011;25;57;28;33;41;47;55;60;55;59;30;55;59;49;30;60;44;23;51;39
19/10/2011;25;57;28;33;41;47;55;60;55;59;30;55;59;49;30;60;44;23;51;39
20/10/2011;25;57;28;33;41;47;55;60;55;59;30;55;59;49;30;60;44;23;51;39
21/10/2011;25;57;28;33;41;47;55;60;55;59;30;55;59;49;30;60;44;23;51;39
22/10/2011;25;57;28;33;41;47;55;60;55;59;30;55;59;49;30;60;44;23;51;39
23/10/2011;31;47;24;55;46;35;70;63;70;49;27;70;57;54;57;59;31;20;44;50
24/10/2011;31;47;24;55;46;35;70;63;70;49;27;70;57;54;57;59;31;20;44;50
25/10/2011;31;47;24;55;46;35;70;63;70;49;27;70;57;54;57;59;31;20;44;50
26/10/2011;31;47;24;55;46;35;70;63;70;49;27;70;57;54;57;59;31;20;44;50
27/10/2011;31;47;24;55;46;35;70;63;70;49;27;70;57;54;57;59;31;20;44;50
28/10/2011;31;47;24;55;46;35;70;63;70;49;27;70;57;54;57;59;31;20;44;50
29/10/2011;31;47;24;55;46;35;70;63;70;49;27;70;57;54;57;59;31;20;44;50
30/10/2011;31;38;33;58;41;47;56;51;56;58;30;56;50;65;51;57;32;24;46;62
31/10/2011;31;38;33;58;41;47;56;51;56;58;30;56;50;65;51;57;32;24;46;62
01/11/2011;31;38;33;58;41;47;56;51;56;58;30;56;50;65;51;57;32;24;46;62
02/11/2011;31;38;33;58;41;47;56;51;56;58;30;56;50;65;51;57;32;24;46;62
03/11/2011;31;38;33;58;41;47;56;51;56;58;30;56;50;65;51;57;32;24;46;62
04/11/2011;31;38;33;58;41;47;56;51;56;58;30;56;50;65;51;57;32;24;46;62
05/11/2011;31;38;33;58;41;47;56;51;56;58;30;56;50;65;51;57;32;24;46;62
06/11/2011;33;40;29;33;35;45;60;63;60;54;31;60;57;49;67;51;43;14;56;35
07/11/2011;33;40;29;33;35;45;60;63;60;54;31;60;57;49;67;51;43;14;56;35
08/11/2011;33;40;29;33;35;45;60;63;60;54;31;60;57;49;67;51;43;14;56;35
09/11/2011;33;40;29;33;35;45;60;63;60;54;31;60;57;49;67;51;43;14;56;35
10/11/2011;33;40;29;33;35;45;60;63;60;54;31;60;57;49;67;51;43;14;56;35
11/11/2011;33;40;29;33;35;45;60;63;60;54;31;60;57;49;67;51;43;14;56;35
12/11/2011;33;40;29;33;35;45;60;63;60;54;31;60;57;49;67;51;43;14;56;35
13/11/2011;31;56;33;51;36;49;66;50;66;51;30;66;61;61;52;61;48;27;53;71
14/11/2011;31;56;33;51;36;49;66;50;66;51;30;66;61;61;52;61;48;27;53;71
15/11/2011;31;56;33;51;36;49;66;50;66;51;30;66;61;61;52;61;48;27;53;71
16/11/2011;31;56;33;51;36;49;66;50;66;51;30;66;61;61;52;61;48;27;53;71
17/11/2011;31;56;33;51;36;49;66;50;66;51;30;66;61;61;52;61;48;27;53;71
18/11/2011;31;56;33;51;36;49;66;50;66;51;30;66;61;61;52;61;48;27;53;71
19/11/2011;31;56;33;51;36;49;66;50;66;51;30;66;61;61;52;61;48;27;53;71
20/11/2011;29;54;43;41;47;25;60;44;60;51;34;60;50;51;37;47;55;29;48;32
21/11/2011;29;54;43;41;47;25;60;44;60;51;34;60;50;51;37;47;55;29;48;32
22/11/2011;29;54;43;41;47;25;60;44;60;51;34;60;50;51;37;47;55;29;48;32
23/11/2011;29;54;43;41;47;25;60;44;60;51;34;60;50;51;37;47;55;29;48;32
24/11/2011;29;54;43;41;47;25;60;44;60;51;34;60;50;51;37;47;55;29;48;32
25/11/2011;29;54;43;41;47;25;60;44;60;51;34;60;50;51;37;47;55;29;48;32
26/11/2011;29;54;43;41;47;25;60;44;60;51;34;60;50;51;37;47;55;29;48;32
27/11/2011;27;36;32;62;39;52;67;48;67;53;21;67;48;48;62;63;44;20;38;47
28/11/2011;27;36;32;62;39;52;67;48;67;53;21;67;48;48;62;63;44;20;38;47
29/11/2011;27;36;32;62;39;52;67;48;67;53;21;67;48;48;62;63;44;20;38;47
30/11/2011;27;36;32;62;39;52;67;48;67;53;21;67;48;48;62;63;44;20;38;47
01/12/2011;27;36;32;62;39;52;67;48;67;53;21;67;48;48;62;63;44;20;38;47
02/12/2011;27;36;32;62;39;52;67;48;67;53;21;67;48;48;62;63;44;20;38;47
03/12/2011;27;36;32;62;39;52;67;48;67;53;21;67;48;48;62;63;44;20;38;47
04/12/2011;27;39;34;49;47;33;53;48;53;51;24;53;49;42;50;55;35;20;51;45
05/12/2011;27;39;34;49;47;33;53;48;53;51;24;53;49;42;50;55;35;20;51;45
06/12/2011;27;39;34;49;47;33;53;48;53;51;24;53;49;42;50;55;35;20;51;45
07/12/2011;27;39;34;49;47;33;53;48;53;51;24;53;49;42;50;55;35;20;51;45
08/12/2011;27;39;34;49;47;33;53;48;53;51;24;53;49;42;50;55;35;20;51;45
09/12/2011;27;39;34;49;47;33;53;48;53;51;24;53;49;42;50;55;35;20;51;45
10/12/2011;27;39;34;49;47;33;53;48;53;51;24;53;49;42;50;55;35;20;51;45
11/12/2011;28;40;28;58;40;42;64;56;64;48;28;64;63;63;39;56;30;23;46;47
12/12/2011;28;40;28;58;40;42;64;56;64;48;28;64;63;63;39;56;30;23;46;47
13/12/2011;28;40;28;58;40;42;64;56;64;48;28;64;63;63;39;56;30;23;46;47
14/12/2011;28;40;28;58;40;42;64;56;64;48;28;64;63;63;39;56;30;23;46;47
15/12/2011;28;40;28;58;40;42;64;56;64;48;28;64;63;63;39;56;30;23;46;47
16/12/2011;28;40;28;58;40;42;64;56;64;48;28;64;63;63;39;56;30;23;46;47
17/12/2011;28;40;28;58;40;42;64;56;64;48;28;64;63;63;39;56;30;23;46;47
18/12/2011;36;48;44;83;45;58;73;64;73;62;36;73;63;72;27;60;47;25;60;51
19/12/2011;36;48;44;83;45;58;73;64;73;62;36;73;63;72;27;60;47;25;60;51
20/12/2011;36;48;44;83;45;58;73;64;73;62;36;73;63;72;27;60;47;25;60;51
21/12/2011;36;48;44;83;45;58;73;64;73;62;36;73;63;72;27;60;47;25;60;51
22/12/2011;36;48;44;83;45;58;73;64;73;62;36;73;63;72;27;60;47;25;60;51
23/12/2011;36;48;44;83;45;58;73;64;73;62;36;73;63;72;27;60;47;25;60;51
24/12/2011;36;48;44;83;45;58;73;64;73;62;36;73;63;72;27;60;47;25;60;51
25/12/2011;39;42;26;55;68;51;67;56;67;74;40;67;55;61;53;57;39;25;74;47
26/12/2011;39;42;26;55;68;51;67;56;67;74;40;67;55;61;53;57;39;25;74;47
27/12/2011;39;42;26;55;68;51;67;56;67;74;40;67;55;61;53;57;39;25;74;47
28/12/2011;39;42;26;55;68;51;67;56;67;74;40;67;55;61;53;57;39;25;74;47
29/12/2011;39;42;26;55;68;51;67;56;67;74;40;67;55;61;53;57;39;25;74;47
30/12/2011;39;42;26;55;68;51;67;56;67;74;40;67;55;61;53;57;39;25;74;47
31/12/2011;39;42;26;55;68;51;67;56;67;74;40;67;55;61;53;57;39;25;74;47
01/01/2012;31;62;41;50;52;41;90;66;90;72;24;90;70;87;51;68;37;37;44;62
02/01/2012;31;62;41;50;52;41;90;66;90;72;24;90;70;87;51;68;37;37;44;62
03/01/2012;31;62;41;50;52;41;90;66;90;72;24;90;70;87;51;68;37;37;44;62
04/01/2012;31;62;41;50;52;41;90;66;90;72;24;90;70;87;51;68;37;37;44;62
05/01/2012;31;62;41;50;52;41;90;66;90;72;24;90;70;87;51;68;37;37;44;62
06/01/2012;31;62;41;50;52;41;90;66;90;72;24;90;70;87;51;68;37;37;44;62
07/01/2012;31;62;41;50;52;41;90;66;90;72;24;90;70;87;51;68;37;37;44;62
08/01/2012;35;53;28;47;51;55;74;62;74;100;28;74;69;69;86;93;40;17;44;40
09/01/2012;35;53;28;47;51;55;74;62;74;100;28;74;69;69;86;93;40;17;44;40
10/01/2012;35;53;28;47;51;55;74;62;74;100;28;74;69;69;86;93;40;17;44;40
11/01/2012;35;53;28;47;51;55;74;62;74;100;28;74;69;69;86;93;40;17;44;40
12/01/2012;35;53;28;47;51;55;74;62;74;100;28;74;69;69;86;93;40;17;44;40
13/01/2012;35;53;28;47;51;55;74;62;74;100;28;74;69;69;86;93;40;17;44;40
14/01/2012;35;53;28;47;51;55;74;62;74;100;28;74;69;69;86;93;40;17;44;40
15/01/2012;30;43;21;37;33;45;61;65;61;84;32;61;72;78;51;75;54;25;98;73
16/01/2012;30;43;21;37;33;45;61;65;61;84;32;61;72;78;51;75;54;25;98;73
17/01/2012;30;43;21;37;33;45;61;65;61;84;32;61;72;78;51;75;54;25;98;73
18/01/2012;30;43;21;37;33;45;61;65;61;84;32;61;72;78;51;75;54;25;98;73
19/01/2012;30;43;21;37;33;45;61;65;61;84;32;61;72;78;51;75;54;25;98;73
20/01/2012;30;43;21;37;33;45;61;65;61;84;32;61;72;78;51;75;54;25;98;73
21/01/2012;30;43;21;37;33;45;61;65;61;84;32;61;72;78;51;75;54;25;98;73
22/01/2012;31;45;39;67;42;34;64;51;64;64;28;64;78;66;47;73;48;16;56;46
23/01/2012;31;45;39;67;42;34;64;51;64;64;28;64;78;66;47;73;48;16;56;46
24/01/2012;31;45;39;67;42;34;64;51;64;64;28;64;78;66;47;73;48;16;56;46
25/01/2012;31;45;39;67;42;34;64;51;64;64;28;64;78;66;47;73;48;16;56;46
26/01/2012;31;45;39;67;42;34;64;51;64;64;28;64;78;66;47;73;48;16;56;46
27/01/2012;31;45;39;67;42;34;64;51;64;64;28;64;78;66;47;73;48;16;56;46
28/01/2012;31;45;39;67;42;34;64;51;64;64;28;64;78;66;47;73;48;16;56;46
29/01/2012;26;41;36;100;40;47;63;53;63;69;30;63;68;55;50;68;42;19;47;67
30/01/2012;26;41;36;100;40;47;63;53;63;69;30;63;68;55;50;68;42;19;47;67
31/01/2012;26;41;36;100;40;47;63;53;63;69;30;63;68;55;50;68;42;19;47;67
01/02/2012;26;41;36;100;40;47;63;53;63;69;30;63;68;55;50;68;42;19;47;67
02/02/2012;26;41;36;100;40;47;63;53;63;69;30;63;68;55;50;68;42;19;47;67
03/02/2012;26;41;36;100;40;47;63;53;63;69;30;63;68;55;50;68;42;19;47;67
04/02/2012;26;41;36;100;40;47;63;53;63;69;30;63;68;55;50;68;42;19;47;67
05/02/2012;41;49;29;48;43;72;51;67;51;62;31;51;88;73;47;55;30;29;56;42
06/02/2012;41;49;29;48;43;72;51;67;51;62;31;51;88;73;47;55;30;29;56;42
07/02/2012;41;49;29;48;43;72;51;67;51;62;31;51;88;73;47;55;30;29;56;42
08/02/2012;41;49;29;48;43;72;51;67;51;62;31;51;88;73;47;55;30;29;56;42
09/02/2012;41;49;29;48;43;72;51;67;51;62;31;51;88;73;47;55;30;29;56;42
10/02/2012;41;49;29;48;43;72;51;67;51;62;31;51;88;73;47;55;30;29;56;42
11/02/2012;41;49;29;48;43;72;51;67;51;62;31;51;88;73;47;55;30;29;56;42
12/02/2012;38;47;27;52;43;40;61;92;61;67;33;61;60;84;42;50;39;22;56;39
13/02/2012;38;47;27;52;43;40;61;92;61;67;33;61;60;84;42;50;39;22;56;39
14/02/2012;38;47;27;52;43;40;61;92;61;67;33;61;60;84;42;50;39;22;56;39
15/02/2012;38;47;27;52;43;40;61;92;61;67;33;61;60;84;42;50;39;22;56;39
16/02/2012;38;47;27;52;43;40;61;92;61;67;33;61;60;84;42;50;39;22;56;39
17/02/2012;38;47;27;52;43;40;61;92;61;67;33;61;60;84;42;50;39;22;56;39
18/02/2012;38;47;27;52;43;40;61;92;61;67;33;61;60;84;42;50;39;22;56;39
19/02/2012;48;51;30;57;41;62;71;84;71;80;32;71;92;77;47;78;39;25;59;67
20/02/2012;48;51;30;57;41;62;71;84;71;80;32;71;92;77;47;78;39;25;59;67
21/02/2012;48;51;30;57;41;62;71;84;71;80;32;71;92;77;47;78;39;25;59;67
22/02/2012;48;51;30;57;41;62;71;84;71;80;32;71;92;77;47;78;39;25;59;67
23/02/2012;48;51;30;57;41;62;71;84;71;80;32;71;92;77;47;78;39;25;59;67
24/02/2012;48;51;30;57;41;62;71;84;71;80;32;71;92;77;47;78;39;25;59;67
25/02/2012;48;51;30;57;41;62;71;84;71;80;32;71;92;77;47;78;39;25;59;67
26/02/2012;36;57;24;50;51;47;75;81;75;79;28;75;100;71;100;68;43;30;65;33
27/02/2012;36;57;24;50;51;47;75;81;75;79;28;75;100;71;100;68;43;30;65;33
28/02/2012;36;57;24;50;51;47;75;81;75;79;28;75;100;71;100;68;43;30;65;33
29/02/2012;36;57;24;50;51;47;75;81;75;79;28;75;100;71;100;68;43;30;65;33
01/03/2012;36;57;24;50;51;47;75;81;75;79;28;75;100;71;100;68;43;30;65;33
02/03/2012;36;57;24;50;51;47;75;81;75;79;28;75;100;71;100;68;43;30;65;33
03/03/2012;36;57;24;50;51;47;75;81;75;79;28;75;100;71;100;68;43;30;65;33
04/03/2012;47;57;34;42;62;51;78;82;78;75;35;78;98;86;38;78;61;27;61;63
05/03/2012;47;57;34;42;62;51;78;82;78;75;35;78;98;86;38;78;61;27;61;63
06/03/2012;47;57;34;42;62;51;78;82;78;75;35;78;98;86;38;78;61;27;61;63
07/03/2012;47;57;34;42;62;51;78;82;78;75;35;78;98;86;38;78;61;27;61;63
08/03/2012;47;57;34;42;62;51;78;82;78;75;35;78;98;86;38;78;61;27;61;63
09/03/2012;47;57;34;42;62;51;78;82;78;75;35;78;98;86;38;78;61;27;61;63
10/03/2012;47;57;34;42;62;51;78;82;78;75;35;78;98;86;38;78;61;27;61;63
11/03/2012;41;59;42;55;60;43;76;82;76;65;37;76;81;63;40;73;48;30;69;87
12/03/2012;41;59;42;55;60;43;76;82;76;65;37;76;81;63;40;73;48;30;69;87
13/03/2012;41;59;42;55;60;43;76;82;76;65;37;76;81;63;40;73;48;30;69;87
14/03/2012;41;59;42;55;60;43;76;82;76;65;37;76;81;63;40;73;48;30;69;87
15/03/2012;41;59;42;55;60;43;76;82;76;65;37;76;81;63;40;73;48;30;69;87
16/03/2012;41;59;42;55;60;43;76;82;76;65;37;76;81;63;40;73;48;30;69;87
17/03/2012;41;59;42;55;60;43;76;82;76;65;37;76;81;63;40;73;48;30;69;87
18/03/2012;29;49;28;39;55;33;65;71;65;66;26;65;78;68;48;58;31;31;67;77
19/03/2012;29;49;28;39;55;33;65;71;65;66;26;65;78;68;48;58;31;31;67;77
20/03/2012;29;49;28;39;55;33;65;71;65;66;26;65;78;68;48;58;31;31;67;77
21/03/2012;29;49;28;39;55;33;65;71;65;66;26;65;78;68;48;58;31;31;67;77
22/03/2012;29;49;28;39;55;33;65;71;65;66;26;65;78;68;48;58;31;31;67;77
23/03/2012;29;49;28;39;55;33;65;71;65;66;26;65;78;68;48;58;31;31;67;77
24/03/2012;29;49;28;39;55;33;65;71;65;66;26;65;78;68;48;58;31;31;67;77
25/03/2012;31;53;41;37;49;51;75;86;75;73;38;75;64;59;51;69;48;19;69;75
26/03/2012;31;53;41;37;49;51;75;86;75;73;38;75;64;59;51;69;48;19;69;75
27/03/2012;31;53;41;37;49;51;75;86;75;73;38;75;64;59;51;69;48;19;69;75
28/03/2012;31;53;41;37;49;51;75;86;75;73;38;75;64;59;51;69;48;19;69;75
29/03/2012;31;53;41;37;49;51;75;86;75;73;38;75;64;59;51;69;48;19;69;75
30/03/2012;31;53;41;37;49;51;75;86;75;73;38;75;64;59;51;69;48;19;69;75
31/03/2012;31;53;41;37;49;51;75;86;75;73;38;75;64;59;51;69;48;19;69;75
01/04/2012;33;48;37;30;54;50;74;56;74;55;35;74;73;63;41;57;50;23;61;45
02/04/2012;33;48;37;30;54;50;74;56;74;55;35;74;73;63;41;57;50;23;61;45
03/04/2012;33;48;37;30;54;50;74;56;74;55;35;74;73;63;41;57;50;23;61;45
04/04/2012;33;48;37;30;54;50;74;56;74;55;35;74;73;63;41;57;50;23;61;45
05/04/2012;33;48;37;30;54;50;74;56;74;55;35;74;73;63;41;57;50;23;61;45
06/04/2012;33;48;37;30;54;50;74;56;74;55;35;74;73;63;41;57;50;23;61;45
07/04/2012;33;48;37;30;54;50;74;56;74;55;35;74;73;63;41;57;50;23;61;45
08/04/2012;36;37;41;36;54;50;67;71;67;68;39;67;59;74;50;58;43;21;56;60
09/04/2012;36;37;41;36;54;50;67;71;67;68;39;67;59;74;50;58;43;21;56;60
10/04/2012;36;37;41;36;54;50;67;71;67;68;39;67;59;74;50;58;43;21;56;60
11/04/2012;36;37;41;36;54;50;67;71;67;68;39;67;59;74;50;58;43;21;56;60
12/04/2012;36;37;41;36;54;50;67;71;67;68;39;67;59;74;50;58;43;21;56;60
13/04/2012;36;37;41;36;54;50;67;71;67;68;39;67;59;74;50;58;43;21;56;60
14/04/2012;36;37;41;36;54;50;67;71;67;68;39;67;59;74;50;58;43;21;56;60
15/04/2012;28;39;37;35;42;59;63;74;63;52;36;63;53;72;37;68;50;27;64;59
16/04/2012;28;39;37;35;42;59;63;74;63;52;36;63;53;72;37;68;50;27;64;59
17/04/2012;28;39;37;35;42;59;63;74;63;52;36;63;53;72;37;68;50;27;64;59
18/04/2012;28;39;37;35;42;59;63;74;63;52;36;63;53;72;37;68;50;27;64;59
19/04/2012;28;39;37;35;42;59;63;74;63;52;36;63;53;72;37;68;50;27;64;59
20/04/2012;28;39;37;35;42;59;63;74;63;52;36;63;53;72;37;68;50;27;64;59
21/04/2012;28;39;37;35;42;59;63;74;63;52;36;63;53;72;37;68;50;27;64;59
22/04/2012;32;58;37;56;34;68;85;55;85;62;41;85;64;41;47;72;54;21;59;49
23/04/2012;32;58;37;56;34;68;85;55;85;62;41;85;64;41;47;72;54;21;59;49
24/04/2012;32;58;37;56;34;68;85;55;85;62;41;85;64;41;47;72;54;21;59;49
25/04/2012;32;58;37;56;34;68;85;55;85;62;41;85;64;41;47;72;54;21;59;49
26/04/2012;32;58;37;56;34;68;85;55;85;62;41;85;64;41;47;72;54;21;59;49
27/04/2012;32;58;37;56;34;68;85;55;85;62;41;85;64;41;47;72;54;21;59;49
28/04/2012;32;58;37;56;34;68;85;55;85;62;41;85;64;41;47;72;54;21;59;49
29/04/2012;29;39;44;35;42;51;66;66;66;61;31;66;61;65;37;64;33;20;58;58
30/04/2012;29;39;44;35;42;51;66;66;66;61;31;66;61;65;37;64;33;20;58;58
01/05/2012;29;39;44;35;42;51;66;66;66;61;31;66;61;65;37;64;33;20;58;58
02/05/2012;29;39;44;35;42;51;66;66;66;61;31;66;61;65;37;64;33;20;58;58
03/05/2012;29;39;44;35;42;51;66;66;66;61;31;66;61;65;37;64;33;20;58;58
04/05/2012;29;39;44;35;42;51;66;66;66;61;31;66;61;65;37;64;33;20;58;58
05/05/2012;29;39;44;35;42;51;66;66;66;61;31;66;61;65;37;64;33;20;58;58
06/05/2012;31;58;34;57;47;36;70;58;70;63;32;70;70;66;42;75;35;19;63;56
07/05/2012;31;58;34;57;47;36;70;58;70;63;32;70;70;66;42;75;35;19;63;56
08/05/2012;31;58;34;57;47;36;70;58;70;63;32;70;70;66;42;75;35;19;63;56
09/05/2012;31;58;34;57;47;36;70;58;70;63;32;70;70;66;42;75;35;19;63;56
10/05/2012;31;58;34;57;47;36;70;58;70;63;32;70;70;66;42;75;35;19;63;56
11/05/2012;31;58;34;57;47;36;70;58;70;63;32;70;70;66;42;75;35;19;63;56
12/05/2012;31;58;34;57;47;36;70;58;70;63;32;70;70;66;42;75;35;19;63;56
13/05/2012;30;54;42;41;51;55;80;49;80;67;33;80;63;58;53;59;58;20;58;63
14/05/2012;30;54;42;41;51;55;80;49;80;67;33;80;63;58;53;59;58;20;58;63
15/05/2012;30;54;42;41;51;55;80;49;80;67;33;80;63;58;53;59;58;20;58;63
16/05/2012;30;54;42;41;51;55;80;49;80;67;33;80;63;58;53;59;58;20;58;63
17/05/2012;30;54;42;41;51;55;80;49;80;67;33;80;63;58;53;59;58;20;58;63
18/05/2012;30;54;42;41;51;55;80;49;80;67;33;80;63;58;53;59;58;20;58;63
19/05/2012;30;54;42;41;51;55;80;49;80;67;33;80;63;58;53;59;58;20;58;63
20/05/2012;41;60;48;26;65;55;88;55;88;71;32;88;71;63;62;75;49;22;52;58
21/05/2012;41;60;48;26;65;55;88;55;88;71;32;88;71;63;62;75;49;22;52;58
22/05/2012;41;60;48;26;65;55;88;55;88;71;32;88;71;63;62;75;49;22;52;58
23/05/2012;41;60;48;26;65;55;88;55;88;71;32;88;71;63;62;75;49;22;52;58
24/05/2012;41;60;48;26;65;55;88;55;88;71;32;88;71;63;62;75;49;22;52;58
25/05/2012;41;60;48;26;65;55;88;55;88;71;32;88;71;63;62;75;49;22;52;58
26/05/2012;41;60;48;26;65;55;88;55;88;71;32;88;71;63;62;75;49;22;52;58
27/05/2012;35;54;42;51;54;58;82;68;82;74;27;82;71;86;49;87;47;22;71;56
28/05/2012;35;54;42;51;54;58;82;68;82;74;27;82;71;86;49;87;47;22;71;56
29/05/2012;35;54;42;51;54;58;82;68;82;74;27;82;71;86;49;87;47;22;71;56
30/05/2012;35;54;42;51;54;58;82;68;82;74;27;82;71;86;49;87;47;22;71;56
31/05/2012;35;54;42;51;54;58;82;68;82;74;27;82;71;86;49;87;47;22;71;56
01/06/2012;35;54;42;51;54;58;82;68;82;74;27;82;71;86;49;87;47;22;71;56
02/06/2012;35;54;42;51;54;58;82;68;82;74;27;82;71;86;49;87;47;22;71;56
03/06/2012;38;47;38;38;68;43;71;75;71;61;36;71;52;68;72;64;48;25;79;85
04/06/2012;38;47;38;38;68;43;71;75;71;61;36;71;52;68;72;64;48;25;79;85
05/06/2012;38;47;38;38;68;43;71;75;71;61;36;71;52;68;72;64;48;25;79;85
06/06/2012;38;47;38;38;68;43;71;75;71;61;36;71;52;68;72;64;48;25;79;85
07/06/2012;38;47;38;38;68;43;71;75;71;61;36;71;52;68;72;64;48;25;79;85
08/06/2012;38;47;38;38;68;43;71;75;71;61;36;71;52;68;72;64;48;25;79;85
09/06/2012;38;47;38;38;68;43;71;75;71;61;36;71;52;68;72;64;48;25;79;85
10/06/2012;43;39;47;75;66;59;74;92;74;77;50;74;83;71;68;86;67;27;79;72
11/06/2012;43;39;47;75;66;59;74;92;74;77;50;74;83;71;68;86;67;27;79;72
12/06/2012;43;39;47;75;66;59;74;92;74;77;50;74;83;71;68;86;67;27;79;72
13/06/2012;43;39;47;75;66;59;74;92;74;77;50;74;83;71;68;86;67;27;79;72
14/06/2012;43;39;47;75;66;59;74;92;74;77;50;74;83;71;68;86;67;27;79;72
15/06/2012;43;39;47;75;66;59;74;92;74;77;50;74;83;71;68;86;67;27;79;72
16/06/2012;43;39;47;75;66;59;74;92;74;77;50;74;83;71;68;86;67;27;79;72
17/06/2012;36;52;46;56;49;71;78;76;78;87;37;78;85;66;49;82;61;36;100;75
18/06/2012;36;52;46;56;49;71;78;76;78;87;37;78;85;66;49;82;61;36;100;75
19/06/2012;36;52;46;56;49;71;78;76;78;87;37;78;85;66;49;82;61;36;100;75
20/06/2012;36;52;46;56;49;71;78;76;78;87;37;78;85;66;49;82;61;36;100;75
21/06/2012;36;52;46;56;49;71;78;76;78;87;37;78;85;66;49;82;61;36;100;75
22/06/2012;36;52;46;56;49;71;78;76;78;87;37;78;85;66;49;82;61;36;100;75
23/06/2012;36;52;46;56;49;71;78;76;78;87;37;78;85;66;49;82;61;36;100;75
24/06/2012;40;60;34;75;60;58;69;85;69;70;40;69;92;78;48;78;56;36;75;90
25/06/2012;40;60;34;75;60;58;69;85;69;70;40;69;92;78;48;78;56;36;75;90
26/06/2012;40;60;34;75;60;58;69;85;69;70;40;69;92;78;48;78;56;36;75;90
27/06/2012;40;60;34;75;60;58;69;85;69;70;40;69;92;78;48;78;56;36;75;90
28/06/2012;40;60;34;75;60;58;69;85;69;70;40;69;92;78;48;78;56;36;75;90
29/06/2012;40;60;34;75;60;58;69;85;69;70;40;69;92;78;48;78;56;36;75;90
30/06/2012;40;60;34;75;60;58;69;85;69;70;40;69;92;78;48;78;56;36;75;90
01/07/2012;42;53;47;70;57;52;83;77;83;63;45;83;73;67;45;76;63;26;83;81
02/07/2012;42;53;47;70;57;52;83;77;83;63;45;83;73;67;45;76;63;26;83;81
03/07/2012;42;53;47;70;57;52;83;77;83;63;45;83;73;67;45;76;63;26;83;81
04/07/2012;42;53;47;70;57;52;83;77;83;63;45;83;73;67;45;76;63;26;83;81
05/07/2012;42;53;47;70;57;52;83;77;83;63;45;83;73;67;45;76;63;26;83;81
06/07/2012;42;53;47;70;57;52;83;77;83;63;45;83;73;67;45;76;63;26;83;81
07/07/2012;42;53;47;70;57;52;83;77;83;63;45;83;73;67;45;76;63;26;83;81
08/07/2012;46;59;40;64;59;61;73;100;73;80;35;73;73;100;45;71;52;24;67;89
09/07/2012;46;59;40;64;59;61;73;100;73;80;35;73;73;100;45;71;52;24;67;89
10/07/2012;46;59;40;64;59;61;73;100;73;80;35;73;73;100;45;71;52;24;67;89
11/07/2012;46;59;40;64;59;61;73;100;73;80;35;73;73;100;45;71;52;24;67;89
12/07/2012;46;59;40;64;59;61;73;100;73;80;35;73;73;100;45;71;52;24;67;89
13/07/2012;46;59;40;64;59;61;73;100;73;80;35;73;73;100;45;71;52;24;67;89
14/07/2012;46;59;40;64;59;61;73;100;73;80;35;73;73;100;45;71;52;24;67;89
15/07/2012;41;60;44;86;61;59;85;83;85;68;37;85;74;72;50;75;66;40;64;71
16/07/2012;41;60;44;86;61;59;85;83;85;68;37;85;74;72;50;75;66;40;64;71
17/07/2012;41;60;44;86;61;59;85;83;85;68;37;85;74;72;50;75;66;40;64;71
18/07/2012;41;60;44;86;61;59;85;83;85;68;37;85;74;72;50;75;66;40;64;71
19/07/2012;41;60;44;86;61;59;85;83;85;68;37;85;74;72;50;75;66;40;64;71
20/07/2012;41;60;44;86;61;59;85;83;85;68;37;85;74;72;50;75;66;40;64;71
21/07/2012;41;60;44;86;61;59;85;83;85;68;37;85;74;72;50;75;66;40;64;71
22/07/2012;36;57;44;45;64;67;93;71;93;81;34;93;72;63;55;78;45;34;77;73
23/07/2012;36;57;44;45;64;67;93;71;93;81;34;93;72;63;55;78;45;34;77;73
24/07/2012;36;57;44;45;64;67;93;71;93;81;34;93;72;63;55;78;45;34;77;73
25/07/2012;36;57;44;45;64;67;93;71;93;81;34;93;72;63;55;78;45;34;77;73
26/07/2012;36;57;44;45;64;67;93;71;93;81;34;93;72;63;55;78;45;34;77;73
27/07/2012;36;57;44;45;64;67;93;71;93;81;34;93;72;63;55;78;45;34;77;73
28/07/2012;36;57;44;45;64;67;93;71;93;81;34;93;72;63;55;78;45;34;77;73
29/07/2012;32;57;38;53;48;66;90;73;90;68;29;90;70;69;45;81;45;24;81;72
30/07/2012;32;57;38;53;48;66;90;73;90;68;29;90;70;69;45;81;45;24;81;72
31/07/2012;32;57;38;53;48;66;90;73;90;68;29;90;70;69;45;81;45;24;81;72
01/08/2012;32;57;38;53;48;66;90;73;90;68;29;90;70;69;45;81;45;24;81;72
02/08/2012;32;57;38;53;48;66;90;73;90;68;29;90;70;69;45;81;45;24;81;72
03/08/2012;32;57;38;53;48;66;90;73;90;68;29;90;70;69;45;81;45;24;81;72
04/08/2012;32;57;38;53;48;66;90;73;90;68;29;90;70;69;45;81;45;24;81;72
05/08/2012;37;55;41;53;56;44;90;61;90;66;39;90;69;73;55;75;62;22;54;79
06/08/2012;37;55;41;53;56;44;90;61;90;66;39;90;69;73;55;75;62;22;54;79
07/08/2012;37;55;41;53;56;44;90;61;90;66;39;90;69;73;55;75;62;22;54;79
08/08/2012;37;55;41;53;56;44;90;61;90;66;39;90;69;73;55;75;62;22;54;79
09/08/2012;37;55;41;53;56;44;90;61;90;66;39;90;69;73;55;75;62;22;54;79
10/08/2012;37;55;41;53;56;44;90;61;90;66;39;90;69;73;55;75;62;22;54;79
11/08/2012;37;55;41;53;56;44;90;61;90;66;39;90;69;73;55;75;62;22;54;79
12/08/2012;34;59;31;76;59;83;96;64;96;72;37;96;60;76;55;81;46;25;71;61
13/08/2012;34;59;31;76;59;83;96;64;96;72;37;96;60;76;55;81;46;25;71;61
14/08/2012;34;59;31;76;59;83;96;64;96;72;37;96;60;76;55;81;46;25;71;61
15/08/2012;34;59;31;76;59;83;96;64;96;72;37;96;60;76;55;81;46;25;71;61
16/08/2012;34;59;31;76;59;83;96;64;96;72;37;96;60;76;55;81;46;25;71;61
17/08/2012;34;59;31;76;59;83;96;64;96;72;37;96;60;76;55;81;46;25;71;61
18/08/2012;34;59;31;76;59;83;96;64;96;72;37;96;60;76;55;81;46;25;71;61
19/08/2012;33;45;53;52;55;47;83;59;83;71;34;83;61;72;52;70;44;32;58;41
20/08/2012;33;45;53;52;55;47;83;59;83;71;34;83;61;72;52;70;44;32;58;41
21/08/2012;33;45;53;52;55;47;83;59;83;71;34;83;61;72;52;70;44;32;58;41
22/08/2012;33;45;53;52;55;47;83;59;83;71;34;83;61;72;52;70;44;32;58;41
23/08/2012;33;45;53;52;55;47;83;59;83;71;34;83;61;72;52;70;44;32;58;41
24/08/2012;33;45;53;52;55;47;83;59;83;71;34;83;61;72;52;70;44;32;58;41
25/08/2012;33;45;53;52;55;47;83;59;83;71;34;83;61;72;52;70;44;32;58;41
26/08/2012;37;63;47;55;48;56;76;60;76;54;42;76;64;82;33;78;39;25;70;57
27/08/2012;37;63;47;55;48;56;76;60;76;54;42;76;64;82;33;78;39;25;70;57
28/08/2012;37;63;47;55;48;56;76;60;76;54;42;76;64;82;33;78;39;25;70;57
29/08/2012;37;63;47;55;48;56;76;60;76;54;42;76;64;82;33;78;39;25;70;57
30/08/2012;37;63;47;55;48;56;76;60;76;54;42;76;64;82;33;78;39;25;70;57
31/08/2012;37;63;47;55;48;56;76;60;76;54;42;76;64;82;33;78;39;25;70;57
01/09/2012;37;63;47;55;48;56;76;60;76;54;42;76;64;82;33;78;39;25;70;57
02/09/2012;33;36;51;55;49;30;81;55;81;65;38;81;68;49;46;70;56;26;59;57
03/09/2012;33;36;51;55;49;30;81;55;81;65;38;81;68;49;46;70;56;26;59;57
04/09/2012;33;36;51;55;49;30;81;55;81;65;38;81;68;49;46;70;56;26;59;57
05/09/2012;33;36;51;55;49;30;81;55;81;65;38;81;68;49;46;70;56;26;59;57
06/09/2012;33;36;51;55;49;30;81;55;81;65;38;81;68;49;46;70;56;26;59;57
07/09/2012;33;36;51;55;49;30;81;55;81;65;38;81;68;49;46;70;56;26;59;57
08/09/2012;33;36;51;55;49;30;81;55;81;65;38;81;68;49;46;70;56;26;59;57
09/09/2012;30;48;42;41;48;44;73;64;73;47;41;73;69;57;45;62;35;20;50;47
10/09/2012;30;48;42;41;48;44;73;64;73;47;41;73;69;57;45;62;35;20;50;47
11/09/2012;30;48;42;41;48;44;73;64;73;47;41;73;69;57;45;62;35;20;50;47
12/09/2012;30;48;42;41;48;44;73;64;73;47;41;73;69;57;45;62;35;20;50;47
13/09/2012;30;48;42;41;48;44;73;64;73;47;41;73;69;57;45;62;35;20;50;47
14/09/2012;30;48;42;41;48;44;73;64;73;47;41;73;69;57;45;62;35;20;50;47
15/09/2012;30;48;42;41;48;44;73;64;73;47;41;73;69;57;45;62;35;20;50;47
16/09/2012;35;62;27;51;54;43;81;88;81;53;100;81;61;60;50;74;39;23;59;95
17/09/2012;35;62;27;51;54;43;81;88;81;53;100;81;61;60;50;74;39;23;59;95
18/09/2012;35;62;27;51;54;43;81;88;81;53;100;81;61;60;50;74;39;23;59;95
19/09/2012;35;62;27;51;54;43;81;88;81;53;100;81;61;60;50;74;39;23;59;95
20/09/2012;35;62;27;51;54;43;81;88;81;53;100;81;61;60;50;74;39;23;59;95
21/09/2012;35;62;27;51;54;43;81;88;81;53;100;81;61;60;50;74;39;23;59;95
22/09/2012;35;62;27;51;54;43;81;88;81;53;100;81;61;60;50;74;39;23;59;95
23/09/2012;33;68;42;37;62;56;71;69;71;64;33;71;46;46;35;76;26;20;63;61
24/09/2012;33;68;42;37;62;56;71;69;71;64;33;71;46;46;35;76;26;20;63;61
25/09/2012;33;68;42;37;62;56;71;69;71;64;33;71;46;46;35;76;26;20;63;61
26/09/2012;33;68;42;37;62;56;71;69;71;64;33;71;46;46;35;76;26;20;63;61
27/09/2012;33;68;42;37;62;56;71;69;71;64;33;71;46;46;35;76;26;20;63;61
28/09/2012;33;68;42;37;62;56;71;69;71;64;33;71;46;46;35;76;26;20;63;61
29/09/2012;33;68;42;37;62;56;71;69;71;64;33;71;46;46;35;76;26;20;63;61
30/09/2012;32;66;36;40;64;32;72;57;72;58;32;72;61;55;47;64;39;23;61;51
01/10/2012;32;66;36;40;64;32;72;57;72;58;32;72;61;55;47;64;39;23;61;51
02/10/2012;32;66;36;40;64;32;72;57;72;58;32;72;61;55;47;64;39;23;61;51
03/10/2012;32;66;36;40;64;32;72;57;72;58;32;72;61;55;47;64;39;23;61;51
04/10/2012;32;66;36;40;64;32;72;57;72;58;32;72;61;55;47;64;39;23;61;51
05/10/2012;32;66;36;40;64;32;72;57;72;58;32;72;61;55;47;64;39;23;61;51
06/10/2012;32;66;36;40;64;32;72;57;72;58;32;72;61;55;47;64;39;23;61;51
07/10/2012;27;33;28;37;35;36;72;61;72;60;33;72;47;73;44;51;38;32;43;79
08/10/2012;27;33;28;37;35;36;72;61;72;60;33;72;47;73;44;51;38;32;43;79
09/10/2012;27;33;28;37;35;36;72;61;72;60;33;72;47;73;44;51;38;32;43;79
10/10/2012;27;33;28;37;35;36;72;61;72;60;33;72;47;73;44;51;38;32;43;79
11/10/2012;27;33;28;37;35;36;72;61;72;60;33;72;47;73;44;51;38;32;43;79
12/10/2012;27;33;28;37;35;36;72;61;72;60;33;72;47;73;44;51;38;32;43;79
13/10/2012;27;33;28;37;35;36;72;61;72;60;33;72;47;73;44;51;38;32;43;79
14/10/2012;34;49;31;65;56;62;69;70;69;55;27;69;78;67;38;57;35;23;44;58
15/10/2012;34;49;31;65;56;62;69;70;69;55;27;69;78;67;38;57;35;23;44;58
16/10/2012;34;49;31;65;56;62;69;70;69;55;27;69;78;67;38;57;35;23;44;58
17/10/2012;34;49;31;65;56;62;69;70;69;55;27;69;78;67;38;57;35;23;44;58
18/10/2012;34;49;31;65;56;62;69;70;69;55;27;69;78;67;38;57;35;23;44;58
19/10/2012;34;49;31;65;56;62;69;70;69;55;27;69;78;67;38;57;35;23;44;58
20/10/2012;34;49;31;65;56;62;69;70;69;55;27;69;78;67;38;57;35;23;44;58
21/10/2012;34;56;46;50;40;56;65;63;65;60;30;65;70;70;38;65;55;25;45;82
22/10/2012;34;56;46;50;40;56;65;63;65;60;30;65;70;70;38;65;55;25;45;82
23/10/2012;34;56;46;50;40;56;65;63;65;60;30;65;70;70;38;65;55;25;45;82
24/10/2012;34;56;46;50;40;56;65;63;65;60;30;65;70;70;38;65;55;25;45;82
25/10/2012;34;56;46;50;40;56;65;63;65;60;30;65;70;70;38;65;55;25;45;82
26/10/2012;34;56;46;50;40;56;65;63;65;60;30;65;70;70;38;65;55;25;45;82
27/10/2012;34;56;46;50;40;56;65;63;65;60;30;65;70;70;38;65;55;25;45;82
28/10/2012;43;90;53;53;58;76;100;67;100;52;34;100;70;65;70;93;100;24;55;83
29/10/2012;43;90;53;53;58;76;100;67;100;52;34;100;70;65;70;93;100;24;55;83
30/10/2012;43;90;53;53;58;76;100;67;100;52;34;100;70;65;70;93;100;24;55;83
31/10/2012;43;90;53;53;58;76;100;67;100;52;34;100;70;65;70;93;100;24;55;83
01/11/2012;43;90;53;53;58;76;100;67;100;52;34;100;70;65;70;93;100;24;55;83
02/11/2012;43;90;53;53;58;76;100;67;100;52;34;100;70;65;70;93;100;24;55;83
03/11/2012;43;90;53;53;58;76;100;67;100;52;34;100;70;65;70;93;100;24;55;83
04/11/2012;33;42;23;69;54;32;72;73;72;55;32;72;59;49;37;66;52;26;64;68
05/11/2012;33;42;23;69;54;32;72;73;72;55;32;72;59;49;37;66;52;26;64;68
06/11/2012;33;42;23;69;54;32;72;73;72;55;32;72;59;49;37;66;52;26;64;68
07/11/2012;33;42;23;69;54;32;72;73;72;55;32;72;59;49;37;66;52;26;64;68
08/11/2012;33;42;23;69;54;32;72;73;72;55;32;72;59;49;37;66;52;26;64;68
09/11/2012;33;42;23;69;54;32;72;73;72;55;32;72;59;49;37;66;52;26;64;68
10/11/2012;33;42;23;69;54;32;72;73;72;55;32;72;59;49;37;66;52;26;64;68
11/11/2012;39;48;31;53;44;38;62;73;62;49;24;62;71;54;48;59;47;29;59;71
12/11/2012;39;48;31;53;44;38;62;73;62;49;24;62;71;54;48;59;47;29;59;71
13/11/2012;39;48;31;53;44;38;62;73;62;49;24;62;71;54;48;59;47;29;59;71
14/11/2012;39;48;31;53;44;38;62;73;62;49;24;62;71;54;48;59;47;29;59;71
15/11/2012;39;48;31;53;44;38;62;73;62;49;24;62;71;54;48;59;47;29;59;71
16/11/2012;39;48;31;53;44;38;62;73;62;49;24;62;71;54;48;59;47;29;59;71
17/11/2012;39;48;31;53;44;38;62;73;62;49;24;62;71;54;48;59;47;29;59;71
18/11/2012;30;41;33;59;51;53;60;50;60;51;31;60;47;51;68;84;43;26;60;68
19/11/2012;30;41;33;59;51;53;60;50;60;51;31;60;47;51;68;84;43;26;60;68
20/11/2012;30;41;33;59;51;53;60;50;60;51;31;60;47;51;68;84;43;26;60;68
21/11/2012;30;41;33;59;51;53;60;50;60;51;31;60;47;51;68;84;43;26;60;68
22/11/2012;30;41;33;59;51;53;60;50;60;51;31;60;47;51;68;84;43;26;60;68
23/11/2012;30;41;33;59;51;53;60;50;60;51;31;60;47;51;68;84;43;26;60;68
24/11/2012;30;41;33;59;51;53;60;50;60;51;31;60;47;51;68;84;43;26;60;68
25/11/2012;32;41;38;41;44;52;56;51;56;38;32;56;69;65;52;59;39;24;55;81
26/11/2012;32;41;38;41;44;52;56;51;56;38;32;56;69;65;52;59;39;24;55;81
27/11/2012;32;41;38;41;44;52;56;51;56;38;32;56;69;65;52;59;39;24;55;81
28/11/2012;32;41;38;41;44;52;56;51;56;38;32;56;69;65;52;59;39;24;55;81
29/11/2012;32;41;38;41;44;52;56;51;56;38;32;56;69;65;52;59;39;24;55;81
30/11/2012;32;41;38;41;44;52;56;51;56;38;32;56;69;65;52;59;39;24;55;81
01/12/2012;32;41;38;41;44;52;56;51;56;38;32;56;69;65;52;59;39;24;55;81
02/12/2012;34;36;33;43;39;49;65;60;65;52;26;65;55;75;25;54;55;22;58;62
03/12/2012;34;36;33;43;39;49;65;60;65;52;26;65;55;75;25;54;55;22;58;62
04/12/2012;34;36;33;43;39;49;65;60;65;52;26;65;55;75;25;54;55;22;58;62
05/12/2012;34;36;33;43;39;49;65;60;65;52;26;65;55;75;25;54;55;22;58;62
06/12/2012;34;36;33;43;39;49;65;60;65;52;26;65;55;75;25;54;55;22;58;62
07/12/2012;34;36;33;43;39;49;65;60;65;52;26;65;55;75;25;54;55;22;58;62
08/12/2012;34;36;33;43;39;49;65;60;65;52;26;65;55;75;25;54;55;22;58;62
09/12/2012;27;33;32;47;35;41;56;59;56;45;26;56;57;63;69;56;40;17;51;47
10/12/2012;27;33;32;47;35;41;56;59;56;45;26;56;57;63;69;56;40;17;51;47
11/12/2012;27;33;32;47;35;41;56;59;56;45;26;56;57;63;69;56;40;17;51;47
12/12/2012;27;33;32;47;35;41;56;59;56;45;26;56;57;63;69;56;40;17;51;47
13/12/2012;27;33;32;47;35;41;56;59;56;45;26;56;57;63;69;56;40;17;51;47
14/12/2012;27;33;32;47;35;41;56;59;56;45;26;56;57;63;69;56;40;17;51;47
15/12/2012;27;33;32;47;35;41;56;59;56;45;26;56;57;63;69;56;40;17;51;47
16/12/2012;35;50;40;66;58;90;70;72;70;58;32;70;71;70;74;94;64;26;61;100
17/12/2012;35;50;40;66;58;90;70;72;70;58;32;70;71;70;74;94;64;26;61;100
18/12/2012;35;50;40;66;58;90;70;72;70;58;32;70;71;70;74;94;64;26;61;100
19/12/2012;35;50;40;66;58;90;70;72;70;58;32;70;71;70;74;94;64;26;61;100
20/12/2012;35;50;40;66;58;90;70;72;70;58;32;70;71;70;74;94;64;26;61;100
21/12/2012;35;50;40;66;58;90;70;72;70;58;32;70;71;70;74;94;64;26;61;100
22/12/2012;35;50;40;66;58;90;70;72;70;58;32;70;71;70;74;94;64;26;61;100
23/12/2012;51;74;56;79;82;95;97;98;97;61;34;97;83;79;67;91;67;29;72;70
24/12/2012;51;74;56;79;82;95;97;98;97;61;34;97;83;79;67;91;67;29;72;70
25/12/2012;51;74;56;79;82;95;97;98;97;61;34;97;83;79;67;91;67;29;72;70
26/12/2012;51;74;56;79;82;95;97;98;97;61;34;97;83;79;67;91;67;29;72;70
27/12/2012;51;74;56;79;82;95;97;98;97;61;34;97;83;79;67;91;67;29;72;70
28/12/2012;51;74;56;79;82;95;97;98;97;61;34;97;83;79;67;91;67;29;72;70
29/12/2012;51;74;56;79;82;95;97;98;97;61;34;97;83;79;67;91;67;29;72;70
30/12/2012;38;45;42;72;66;68;77;83;77;75;36;77;71;77;51;73;49;37;83;50
31/12/2012;38;45;42;72;66;68;77;83;77;75;36;77;71;77;51;73;49;37;83;50
01/01/2013;38;45;42;72;66;68;77;83;77;75;36;77;71;77;51;73;49;37;83;50
02/01/2013;38;45;42;72;66;68;77;83;77;75;36;77;71;77;51;73;49;37;83;50
03/01/2013;38;45;42;72;66;68;77;83;77;75;36;77;71;77;51;73;49;37;83;50
04/01/2013;38;45;42;72;66;68;77;83;77;75;36;77;71;77;51;73;49;37;83;50
05/01/2013;38;45;42;72;66;68;77;83;77;75;36;77;71;77;51;73;49;37;83;50
06/01/2013;34;45;27;51;53;65;77;87;77;72;35;77;88;65;47;68;45;28;63;72
07/01/2013;34;45;27;51;53;65;77;87;77;72;35;77;88;65;47;68;45;28;63;72
08/01/2013;34;45;27;51;53;65;77;87;77;72;35;77;88;65;47;68;45;28;63;72
09/01/2013;34;45;27;51;53;65;77;87;77;72;35;77;88;65;47;68;45;28;63;72
10/01/2013;34;45;27;51;53;65;77;87;77;72;35;77;88;65;47;68;45;28;63;72
11/01/2013;34;45;27;51;53;65;77;87;77;72;35;77;88;65;47;68;45;28;63;72
12/01/2013;34;45;27;51;53;65;77;87;77;72;35;77;88;65;47;68;45;28;63;72
13/01/2013;40;57;41;60;59;47;75;73;75;69;39;75;82;86;57;66;57;19;69;53
14/01/2013;40;57;41;60;59;47;75;73;75;69;39;75;82;86;57;66;57;19;69;53
15/01/2013;40;57;41;60;59;47;75;73;75;69;39;75;82;86;57;66;57;19;69;53
16/01/2013;40;57;41;60;59;47;75;73;75;69;39;75;82;86;57;66;57;19;69;53
17/01/2013;40;57;41;60;59;47;75;73;75;69;39;75;82;86;57;66;57;19;69;53
18/01/2013;40;57;41;60;59;47;75;73;75;69;39;75;82;86;57;66;57;19;69;53
19/01/2013;40;57;41;60;59;47;75;73;75;69;39;75;82;86;57;66;57;19;69;53
20/01/2013;26;57;50;44;39;46;69;68;69;65;35;69;69;79;64;68;45;25;50;73
21/01/2013;26;57;50;44;39;46;69;68;69;65;35;69;69;79;64;68;45;25;50;73
22/01/2013;26;57;50;44;39;46;69;68;69;65;35;69;69;79;64;68;45;25;50;73
23/01/2013;26;57;50;44;39;46;69;68;69;65;35;69;69;79;64;68;45;25;50;73
24/01/2013;26;57;50;44;39;46;69;68;69;65;35;69;69;79;64;68;45;25;50;73
25/01/2013;26;57;50;44;39;46;69;68;69;65;35;69;69;79;64;68;45;25;50;73
26/01/2013;26;57;50;44;39;46;69;68;69;65;35;69;69;79;64;68;45;25;50;73
27/01/2013;40;54;39;51;52;58;61;53;61;71;37;61;80;70;39;72;51;25;60;59
28/01/2013;40;54;39;51;52;58;61;53;61;71;37;61;80;70;39;72;51;25;60;59
29/01/2013;40;54;39;51;52;58;61;53;61;71;37;61;80;70;39;72;51;25;60;59
30/01/2013;40;54;39;51;52;58;61;53;61;71;37;61;80;70;39;72;51;25;60;59
31/01/2013;40;54;39;51;52;58;61;53;61;71;37;61;80;70;39;72;51;25;60;59
01/02/2013;40;54;39;51;52;58;61;53;61;71;37;61;80;70;39;72;51;25;60;59
02/02/2013;40;54;39;51;52;58;61;53;61;71;37;61;80;70;39;72;51;25;60;59
03/02/2013;32;94;47;56;50;70;81;70;81;67;32;81;77;75;64;77;67;25;52;61
04/02/2013;32;94;47;56;50;70;81;70;81;67;32;81;77;75;64;77;67;25;52;61
05/02/2013;32;94;47;56;50;70;81;70;81;67;32;81;77;75;64;77;67;25;52;61
06/02/2013;32;94;47;56;50;70;81;70;81;67;32;81;77;75;64;77;67;25;52;61
07/02/2013;32;94;47;56;50;70;81;70;81;67;32;81;77;75;64;77;67;25;52;61
08/02/2013;32;94;47;56;50;70;81;70;81;67;32;81;77;75;64;77;67;25;52;61
09/02/2013;32;94;47;56;50;70;81;70;81;67;32;81;77;75;64;77;67;25;52;61
10/02/2013;33;62;52;45;52;53;76;69;76;56;28;76;66;59;77;52;42;28;54;45
11/02/2013;33;62;52;45;52;53;76;69;76;56;28;76;66;59;77;52;42;28;54;45
12/02/2013;33;62;52;45;52;53;76;69;76;56;28;76;66;59;77;52;42;28;54;45
13/02/2013;33;62;52;45;52;53;76;69;76;56;28;76;66;59;77;52;42;28;54;45
14/02/2013;33;62;52;45;52;53;76;69;76;56;28;76;66;59;77;52;42;28;54;45
15/02/2013;33;62;52;45;52;53;76;69;76;56;28;76;66;59;77;52;42;28;54;45
16/02/2013;33;62;52;45;52;53;76;69;76;56;28;76;66;59;77;52;42;28;54;45
17/02/2013;36;69;44;53;51;60;60;80;60;75;36;60;92;75;90;90;60;27;62;58
18/02/2013;36;69;44;53;51;60;60;80;60;75;36;60;92;75;90;90;60;27;62;58
19/02/2013;36;69;44;53;51;60;60;80;60;75;36;60;92;75;90;90;60;27;62;58
20/02/2013;36;69;44;53;51;60;60;80;60;75;36;60;92;75;90;90;60;27;62;58
21/02/2013;36;69;44;53;51;60;60;80;60;75;36;60;92;75;90;90;60;27;62;58
22/02/2013;36;69;44;53;51;60;60;80;60;75;36;60;92;75;90;90;60;27;62;58
23/02/2013;36;69;44;53;51;60;60;80;60;75;36;60;92;75;90;90;60;27;62;58
24/02/2013;38;74;42;68;61;76;80;65;80;85;37;80;63;73;62;89;52;25;73;64
25/02/2013;38;74;42;68;61;76;80;65;80;85;37;80;63;73;62;89;52;25;73;64
26/02/2013;38;74;42;68;61;76;80;65;80;85;37;80;63;73;62;89;52;25;73;64
27/02/2013;38;74;42;68;61;76;80;65;80;85;37;80;63;73;62;89;52;25;73;64
28/02/2013;38;74;42;68;61;76;80;65;80;85;37;80;63;73;62;89;52;25;73;64
01/03/2013;38;74;42;68;61;76;80;65;80;85;37;80;63;73;62;89;52;25;73;64
02/03/2013;38;74;42;68;61;76;80;65;80;85;37;80;63;73;62;89;52;25;73;64
03/03/2013;38;100;43;62;69;95;81;67;81;64;46;81;93;93;83;98;69;27;70;63
04/03/2013;38;100;43;62;69;95;81;67;81;64;46;81;93;93;83;98;69;27;70;63
05/03/2013;38;100;43;62;69;95;81;67;81;64;46;81;93;93;83;98;69;27;70;63