date,Airport,search_intensity
02/01/2011,JFK,63
02/01/2011,LGA,63
02/01/2011,EWR,63
02/01/2011,ORD,63
02/01/2011,LAS,63
02/01/2011,DEN,53
02/01/2011,ATL,47
02/01/2011,SFO,67
02/01/2011,IAH,96
02/01/2011,LAX,41
02/01/2011,DFW,43
02/01/2011,SEA,37
02/01/2011,PHL,54
02/01/2011,MIA,64
02/01/2011,DTW,44
02/01/2011,BOS,44
02/01/2011,MSP,79
02/01/2011,CLT,30
02/01/2011,PHX,25
02/01/2011,MCO,59
09/01/2011,JFK,81
09/01/2011,LGA,81
09/01/2011,EWR,81
09/01/2011,ORD,72
09/01/2011,LAS,70
09/01/2011,DEN,83
09/01/2011,ATL,100
09/01/2011,SFO,46
09/01/2011,IAH,81
09/01/2011,LAX,34
09/01/2011,DFW,76
09/01/2011,SEA,73
09/01/2011,PHL,57
09/01/2011,MIA,67
09/01/2011,DTW,66
09/01/2011,BOS,71
09/01/2011,MSP,53
09/01/2011,CLT,100
09/01/2011,PHX,30
09/01/2011,MCO,93
16/01/2011,JFK,63
16/01/2011,LGA,63
16/01/2011,EWR,63
16/01/2011,ORD,54
16/01/2011,LAS,72
16/01/2011,DEN,53
16/01/2011,ATL,38
16/01/2011,SFO,58
16/01/2011,IAH,62
16/01/2011,LAX,31
16/01/2011,DFW,43
16/01/2011,SEA,57
16/01/2011,PHL,74
16/01/2011,MIA,69
16/01/2011,DTW,51
16/01/2011,BOS,48
16/01/2011,MSP,76
16/01/2011,CLT,40
16/01/2011,PHX,26
16/01/2011,MCO,52
23/01/2011,JFK,96
23/01/2011,LGA,96
23/01/2011,EWR,96
23/01/2011,ORD,63
23/01/2011,LAS,72
23/01/2011,DEN,65
23/01/2011,ATL,33
23/01/2011,SFO,51
23/01/2011,IAH,63
23/01/2011,LAX,27
23/01/2011,DFW,55
23/01/2011,SEA,60
23/01/2011,PHL,67
23/01/2011,MIA,68
23/01/2011,DTW,34
23/01/2011,BOS,58
23/01/2011,MSP,34
23/01/2011,CLT,31
23/01/2011,PHX,22
23/01/2011,MCO,68
30/01/2011,JFK,72
30/01/2011,LGA,72
30/01/2011,EWR,72
30/01/2011,ORD,94
30/01/2011,LAS,81
30/01/2011,DEN,53
30/01/2011,ATL,39
30/01/2011,SFO,88
30/01/2011,IAH,94
30/01/2011,LAX,25
30/01/2011,DFW,100
30/01/2011,SEA,50
30/01/2011,PHL,62
30/01/2011,MIA,62
30/01/2011,DTW,67
30/01/2011,BOS,68
30/01/2011,MSP,72
30/01/2011,CLT,50
30/01/2011,PHX,24
30/01/2011,MCO,61
06/02/2011,JFK,58
06/02/2011,LGA,58
06/02/2011,EWR,58
06/02/2011,ORD,48
06/02/2011,LAS,75
06/02/2011,DEN,44
06/02/2011,ATL,32
06/02/2011,SFO,75
06/02/2011,IAH,58
06/02/2011,LAX,29
06/02/2011,DFW,48
06/02/2011,SEA,44
06/02/2011,PHL,25
06/02/2011,MIA,52
06/02/2011,DTW,50
06/02/2011,BOS,30
06/02/2011,MSP,53
06/02/2011,CLT,19
06/02/2011,PHX,27
06/02/2011,MCO,63
13/02/2011,JFK,57
13/02/2011,LGA,57
13/02/2011,EWR,57
13/02/2011,ORD,53
13/02/2011,LAS,82
13/02/2011,DEN,45
13/02/2011,ATL,27
13/02/2011,SFO,53
13/02/2011,IAH,37
13/02/2011,LAX,25
13/02/2011,DFW,40
13/02/2011,SEA,39
13/02/2011,PHL,32
13/02/2011,MIA,58
13/02/2011,DTW,40
13/02/2011,BOS,35
13/02/2011,MSP,54
13/02/2011,CLT,23
13/02/2011,PHX,31
13/02/2011,MCO,74
20/02/2011,JFK,69
20/02/2011,LGA,69
20/02/2011,EWR,69
20/02/2011,ORD,83
20/02/2011,LAS,60
20/02/2011,DEN,50
20/02/2011,ATL,30
20/02/2011,SFO,80
20/02/2011,IAH,54
20/02/2011,LAX,29
20/02/2011,DFW,55
20/02/2011,SEA,48
20/02/2011,PHL,39
20/02/2011,MIA,69
20/02/2011,DTW,100
20/02/2011,BOS,65
20/02/2011,MSP,96
20/02/2011,CLT,25
20/02/2011,PHX,21
20/02/2011,MCO,96
27/02/2011,JFK,49
27/02/2011,LGA,49
27/02/2011,EWR,49
27/02/2011,ORD,59
27/02/2011,LAS,68
27/02/2011,DEN,52
27/02/2011,ATL,29
27/02/2011,SFO,41
27/02/2011,IAH,57
27/02/2011,LAX,29
27/02/2011,DFW,51
27/02/2011,SEA,52
27/02/2011,PHL,51
27/02/2011,MIA,67
27/02/2011,DTW,52
27/02/2011,BOS,40
27/02/2011,MSP,67
27/02/2011,CLT,35
27/02/2011,PHX,33
27/02/2011,MCO,95
06/03/2011,JFK,78
06/03/2011,LGA,78
06/03/2011,EWR,78
06/03/2011,ORD,64
06/03/2011,LAS,72
06/03/2011,DEN,37
06/03/2011,ATL,44
06/03/2011,SFO,53
06/03/2011,IAH,46
06/03/2011,LAX,35
06/03/2011,DFW,53
06/03/2011,SEA,57
06/03/2011,PHL,51
06/03/2011,MIA,94
06/03/2011,DTW,40
06/03/2011,BOS,65
06/03/2011,MSP,40
06/03/2011,CLT,33
06/03/2011,PHX,24
06/03/2011,MCO,54
13/03/2011,JFK,70
13/03/2011,LGA,70
13/03/2011,EWR,70
13/03/2011,ORD,68
13/03/2011,LAS,64
13/03/2011,DEN,47
13/03/2011,ATL,26
13/03/2011,SFO,47
13/03/2011,IAH,40
13/03/2011,LAX,31
13/03/2011,DFW,44
13/03/2011,SEA,67
13/03/2011,PHL,50
13/03/2011,MIA,48
13/03/2011,DTW,42
13/03/2011,BOS,38
13/03/2011,MSP,46
13/03/2011,CLT,22
13/03/2011,PHX,26
13/03/2011,MCO,62
20/03/2011,JFK,61
20/03/2011,LGA,61
20/03/2011,EWR,61
20/03/2011,ORD,64
20/03/2011,LAS,66
20/03/2011,DEN,22
20/03/2011,ATL,28
20/03/2011,SFO,62
20/03/2011,IAH,73
20/03/2011,LAX,33
20/03/2011,DFW,45
20/03/2011,SEA,51
20/03/2011,PHL,54
20/03/2011,MIA,79
20/03/2011,DTW,60
20/03/2011,BOS,42
20/03/2011,MSP,93
20/03/2011,CLT,37
20/03/2011,PHX,24
20/03/2011,MCO,53
27/03/2011,JFK,59
27/03/2011,LGA,59
27/03/2011,EWR,59
27/03/2011,ORD,67
27/03/2011,LAS,68
27/03/2011,DEN,34
27/03/2011,ATL,28
27/03/2011,SFO,37
27/03/2011,IAH,57
27/03/2011,LAX,27
27/03/2011,DFW,34
27/03/2011,SEA,77
27/03/2011,PHL,40
27/03/2011,MIA,76
27/03/2011,DTW,77
27/03/2011,BOS,54
27/03/2011,MSP,43
27/03/2011,CLT,23
27/03/2011,PHX,19
27/03/2011,MCO,97
03/04/2011,JFK,52
03/04/2011,LGA,52
03/04/2011,EWR,52
03/04/2011,ORD,56
03/04/2011,LAS,62
03/04/2011,DEN,39
03/04/2011,ATL,26
03/04/2011,SFO,31
03/04/2011,IAH,46
03/04/2011,LAX,34
03/04/2011,DFW,46
03/04/2011,SEA,58
03/04/2011,PHL,37
03/04/2011,MIA,58
03/04/2011,DTW,56
03/04/2011,BOS,27
03/04/2011,MSP,50
03/04/2011,CLT,35
03/04/2011,PHX,26
03/04/2011,MCO,70
10/04/2011,JFK,60
10/04/2011,LGA,60
10/04/2011,EWR,60
10/04/2011,ORD,53
10/04/2011,LAS,66
10/04/2011,DEN,53
10/04/2011,ATL,27
10/04/2011,SFO,86
10/04/2011,IAH,36
10/04/2011,LAX,30
10/04/2011,DFW,45
10/04/2011,SEA,86
10/04/2011,PHL,42
10/04/2011,MIA,50
10/04/2011,DTW,37
10/04/2011,BOS,63
10/04/2011,MSP,33
10/04/2011,CLT,43
10/04/2011,PHX,23
10/04/2011,MCO,61
17/04/2011,JFK,68
17/04/2011,LGA,68
17/04/2011,EWR,68
17/04/2011,ORD,78
17/04/2011,LAS,76
17/04/2011,DEN,42
17/04/2011,ATL,27
17/04/2011,SFO,42
17/04/2011,IAH,62
17/04/2011,LAX,40
17/04/2011,DFW,53
17/04/2011,SEA,61
17/04/2011,PHL,48
17/04/2011,MIA,50
17/04/2011,DTW,57
17/04/2011,BOS,53
17/04/2011,MSP,41
17/04/2011,CLT,27
17/04/2011,PHX,15
17/04/2011,MCO,51
24/04/2011,JFK,78
24/04/2011,LGA,78
24/04/2011,EWR,78
24/04/2011,ORD,75
24/04/2011,LAS,63
24/04/2011,DEN,37
24/04/2011,ATL,26
24/04/2011,SFO,50
24/04/2011,IAH,57
24/04/2011,LAX,35
24/04/2011,DFW,48
24/04/2011,SEA,62
24/04/2011,PHL,49
24/04/2011,MIA,55
24/04/2011,DTW,67
24/04/2011,BOS,52
24/04/2011,MSP,64
24/04/2011,CLT,32
24/04/2011,PHX,20
24/04/2011,MCO,57
01/05/2011,JFK,55
01/05/2011,LGA,55
01/05/2011,EWR,55
01/05/2011,ORD,52
01/05/2011,LAS,44
01/05/2011,DEN,44
01/05/2011,ATL,24
01/05/2011,SFO,62
01/05/2011,IAH,59
01/05/2011,LAX,30
01/05/2011,DFW,40
01/05/2011,SEA,50
01/05/2011,PHL,43
01/05/2011,MIA,52
01/05/2011,DTW,47
01/05/2011,BOS,40
01/05/2011,MSP,33
01/05/2011,CLT,21
01/05/2011,PHX,25
01/05/2011,MCO,41
08/05/2011,JFK,74
08/05/2011,LGA,74
08/05/2011,EWR,74
08/05/2011,ORD,74
08/05/2011,LAS,57
08/05/2011,DEN,40
08/05/2011,ATL,28
08/05/2011,SFO,54
08/05/2011,IAH,80
08/05/2011,LAX,30
08/05/2011,DFW,54
08/05/2011,SEA,69
08/05/2011,PHL,65
08/05/2011,MIA,62
08/05/2011,DTW,57
08/05/2011,BOS,50
08/05/2011,MSP,68
08/05/2011,CLT,32
08/05/2011,PHX,31
08/05/2011,MCO,70
15/05/2011,JFK,71
15/05/2011,LGA,71
15/05/2011,EWR,71
15/05/2011,ORD,79
15/05/2011,LAS,72
15/05/2011,DEN,49
15/05/2011,ATL,37
15/05/2011,SFO,59
15/05/2011,IAH,57
15/05/2011,LAX,34
15/05/2011,DFW,54
15/05/2011,SEA,56
15/05/2011,PHL,50
15/05/2011,MIA,78
15/05/2011,DTW,52
15/05/2011,BOS,40
15/05/2011,MSP,47
15/05/2011,CLT,51
15/05/2011,PHX,100
15/05/2011,MCO,68
22/05/2011,JFK,75
22/05/2011,LGA,75
22/05/2011,EWR,75
22/05/2011,ORD,94
22/05/2011,LAS,57
22/05/2011,DEN,47
22/05/2011,ATL,44
22/05/2011,SFO,91
22/05/2011,IAH,69
22/05/2011,LAX,34
22/05/2011,DFW,71
22/05/2011,SEA,65
22/05/2011,PHL,48
22/05/2011,MIA,67
22/05/2011,DTW,53
22/05/2011,BOS,57
22/05/2011,MSP,61
22/05/2011,CLT,46
22/05/2011,PHX,26
22/05/2011,MCO,76
29/05/2011,JFK,65
29/05/2011,LGA,65
29/05/2011,EWR,65
29/05/2011,ORD,80
29/05/2011,LAS,56
29/05/2011,DEN,39
29/05/2011,ATL,43
29/05/2011,SFO,20
29/05/2011,IAH,59
29/05/2011,LAX,39
29/05/2011,DFW,49
29/05/2011,SEA,68
29/05/2011,PHL,32
29/05/2011,MIA,70
29/05/2011,DTW,55
29/05/2011,BOS,50
29/05/2011,MSP,57
29/05/2011,CLT,21
29/05/2011,PHX,25
29/05/2011,MCO,68
05/06/2011,JFK,77
05/06/2011,LGA,77
05/06/2011,EWR,77
05/06/2011,ORD,94
05/06/2011,LAS,72
05/06/2011,DEN,50
05/06/2011,ATL,37
05/06/2011,SFO,63
05/06/2011,IAH,66
05/06/2011,LAX,38
05/06/2011,DFW,42
05/06/2011,SEA,59
05/06/2011,PHL,55
05/06/2011,MIA,78
05/06/2011,DTW,51
05/06/2011,BOS,55
05/06/2011,MSP,75
05/06/2011,CLT,50
05/06/2011,PHX,43
05/06/2011,MCO,56
12/06/2011,JFK,76
12/06/2011,LGA,76
12/06/2011,EWR,76
12/06/2011,ORD,79
12/06/2011,LAS,84
12/06/2011,DEN,40
12/06/2011,ATL,35
12/06/2011,SFO,90
12/06/2011,IAH,79
12/06/2011,LAX,36
12/06/2011,DFW,54
12/06/2011,SEA,63
12/06/2011,PHL,57
12/06/2011,MIA,69
12/06/2011,DTW,55
12/06/2011,BOS,48
12/06/2011,MSP,58
12/06/2011,CLT,40
12/06/2011,PHX,36
12/06/2011,MCO,69
19/06/2011,JFK,78
19/06/2011,LGA,78
19/06/2011,EWR,78
19/06/2011,ORD,100
19/06/2011,LAS,65
19/06/2011,DEN,50
19/06/2011,ATL,41
19/06/2011,SFO,54
19/06/2011,IAH,87
19/06/2011,LAX,45
19/06/2011,DFW,55
19/06/2011,SEA,80
19/06/2011,PHL,38
19/06/2011,MIA,60
19/06/2011,DTW,64
19/06/2011,BOS,77
19/06/2011,MSP,55
19/06/2011,CLT,50
19/06/2011,PHX,29
19/06/2011,MCO,70
26/06/2011,JFK,68
26/06/2011,LGA,68
26/06/2011,EWR,68
26/06/2011,ORD,94
26/06/2011,LAS,80
26/06/2011,DEN,49
26/06/2011,ATL,35
26/06/2011,SFO,75
26/06/2011,IAH,76
26/06/2011,LAX,45
26/06/2011,DFW,61
26/06/2011,SEA,83
26/06/2011,PHL,30
26/06/2011,MIA,62
26/06/2011,DTW,52
26/06/2011,BOS,53
26/06/2011,MSP,56
26/06/2011,CLT,27
26/06/2011,PHX,40
26/06/2011,MCO,69
03/07/2011,JFK,66
03/07/2011,LGA,66
03/07/2011,EWR,66
03/07/2011,ORD,72
03/07/2011,LAS,64
03/07/2011,DEN,77
03/07/2011,ATL,43
03/07/2011,SFO,47
03/07/2011,IAH,73
03/07/2011,LAX,31
03/07/2011,DFW,43
03/07/2011,SEA,65
03/07/2011,PHL,63
03/07/2011,MIA,53
03/07/2011,DTW,47
03/07/2011,BOS,51
03/07/2011,MSP,54
03/07/2011,CLT,47
03/07/2011,PHX,29
03/07/2011,MCO,64
10/07/2011,JFK,74
10/07/2011,LGA,74
10/07/2011,EWR,74
10/07/2011,ORD,68
10/07/2011,LAS,85
10/07/2011,DEN,45
10/07/2011,ATL,42
10/07/2011,SFO,50
10/07/2011,IAH,47
10/07/2011,LAX,41
10/07/2011,DFW,61
10/07/2011,SEA,82
10/07/2011,PHL,47
10/07/2011,MIA,65
10/07/2011,DTW,38
10/07/2011,BOS,62
10/07/2011,MSP,68
10/07/2011,CLT,44
10/07/2011,PHX,25
10/07/2011,MCO,84
17/07/2011,JFK,73
17/07/2011,LGA,73
17/07/2011,EWR,73
17/07/2011,ORD,77
17/07/2011,LAS,81
17/07/2011,DEN,76
17/07/2011,ATL,42
17/07/2011,SFO,56
17/07/2011,IAH,70
17/07/2011,LAX,39
17/07/2011,DFW,53
17/07/2011,SEA,78
17/07/2011,PHL,74
17/07/2011,MIA,74
17/07/2011,DTW,44
17/07/2011,BOS,71
17/07/2011,MSP,90
17/07/2011,CLT,26
17/07/2011,PHX,48
17/07/2011,MCO,65
24/07/2011,JFK,81
24/07/2011,LGA,81
24/07/2011,EWR,81
24/07/2011,ORD,76
24/07/2011,LAS,73
24/07/2011,DEN,56
24/07/2011,ATL,46
24/07/2011,SFO,65
24/07/2011,IAH,67
24/07/2011,LAX,40
24/07/2011,DFW,50
24/07/2011,SEA,58
24/07/2011,PHL,46
24/07/2011,MIA,79
24/07/2011,DTW,55
24/07/2011,BOS,39
24/07/2011,MSP,53
24/07/2011,CLT,31
24/07/2011,PHX,25
24/07/2011,MCO,82
31/07/2011,JFK,67
31/07/2011,LGA,67
31/07/2011,EWR,67
31/07/2011,ORD,72
31/07/2011,LAS,76
31/07/2011,DEN,70
31/07/2011,ATL,33
31/07/2011,SFO,89
31/07/2011,IAH,59
31/07/2011,LAX,37
31/07/2011,DFW,44
31/07/2011,SEA,79
31/07/2011,PHL,46
31/07/2011,MIA,82
31/07/2011,DTW,53
31/07/2011,BOS,54
31/07/2011,MSP,59
31/07/2011,CLT,29
31/07/2011,PHX,27
31/07/2011,MCO,59
07/08/2011,JFK,67
07/08/2011,LGA,67
07/08/2011,EWR,67
07/08/2011,ORD,74
07/08/2011,LAS,65
07/08/2011,DEN,50
07/08/2011,ATL,29
07/08/2011,SFO,54
07/08/2011,IAH,58
07/08/2011,LAX,41
07/08/2011,DFW,41
07/08/2011,SEA,78
07/08/2011,PHL,47
07/08/2011,MIA,70
07/08/2011,DTW,50
07/08/2011,BOS,52
07/08/2011,MSP,26
07/08/2011,CLT,19
07/08/2011,PHX,44
07/08/2011,MCO,58
14/08/2011,JFK,81
14/08/2011,LGA,81
14/08/2011,EWR,81
14/08/2011,ORD,59
14/08/2011,LAS,69
14/08/2011,DEN,34
14/08/2011,ATL,39
14/08/2011,SFO,68
14/08/2011,IAH,55
14/08/2011,LAX,23
14/08/2011,DFW,50
14/08/2011,SEA,75
14/08/2011,PHL,50
14/08/2011,MIA,60
14/08/2011,DTW,57
14/08/2011,BOS,66
14/08/2011,MSP,56
14/08/2011,CLT,38
14/08/2011,PHX,30
14/08/2011,MCO,61
21/08/2011,JFK,100
21/08/2011,LGA,100
21/08/2011,EWR,100
21/08/2011,ORD,75
21/08/2011,LAS,71
21/08/2011,DEN,66
21/08/2011,ATL,43
21/08/2011,SFO,65
21/08/2011,IAH,61
21/08/2011,LAX,31
21/08/2011,DFW,45
21/08/2011,SEA,53
21/08/2011,PHL,91
21/08/2011,MIA,50
21/08/2011,DTW,57
21/08/2011,BOS,99
21/08/2011,MSP,61
21/08/2011,CLT,62
21/08/2011,PHX,24
21/08/2011,MCO,78
28/08/2011,JFK,87
28/08/2011,LGA,87
28/08/2011,EWR,87
28/08/2011,ORD,68
28/08/2011,LAS,62
28/08/2011,DEN,47
28/08/2011,ATL,31
28/08/2011,SFO,65
28/08/2011,IAH,66
28/08/2011,LAX,28
28/08/2011,DFW,56
28/08/2011,SEA,62
28/08/2011,PHL,60
28/08/2011,MIA,45
28/08/2011,DTW,41
28/08/2011,BOS,55
28/08/2011,MSP,44
28/08/2011,CLT,20
28/08/2011,PHX,23
28/08/2011,MCO,49
04/09/2011,JFK,65
04/09/2011,LGA,65
04/09/2011,EWR,65
04/09/2011,ORD,52
04/09/2011,LAS,72
04/09/2011,DEN,45
04/09/2011,ATL,37
04/09/2011,SFO,42
04/09/2011,IAH,51
04/09/2011,LAX,34
04/09/2011,DFW,50
04/09/2011,SEA,53
04/09/2011,PHL,63
04/09/2011,MIA,47
04/09/2011,DTW,24
04/09/2011,BOS,57
04/09/2011,MSP,42
04/09/2011,CLT,44
04/09/2011,PHX,29
04/09/2011,MCO,64
11/09/2011,JFK,90
11/09/2011,LGA,90
11/09/2011,EWR,90
11/09/2011,ORD,74
11/09/2011,LAS,62
11/09/2011,DEN,43
11/09/2011,ATL,28
11/09/2011,SFO,52
11/09/2011,IAH,55
11/09/2011,LAX,36
11/09/2011,DFW,52
11/09/2011,SEA,69
11/09/2011,PHL,48
11/09/2011,MIA,72
11/09/2011,DTW,84
11/09/2011,BOS,53
11/09/2011,MSP,77
11/09/2011,CLT,32
11/09/2011,PHX,32
11/09/2011,MCO,52
18/09/2011,JFK,59
18/09/2011,LGA,59
18/09/2011,EWR,59
18/09/2011,ORD,71
18/09/2011,LAS,59
18/09/2011,DEN,52
18/09/2011,ATL,28
18/09/2011,SFO,54
18/09/2011,IAH,64
18/09/2011,LAX,33
18/09/2011,DFW,40
18/09/2011,SEA,48
18/09/2011,PHL,32
18/09/2011,MIA,55
18/09/2011,DTW,59
18/09/2011,BOS,58
18/09/2011,MSP,61
18/09/2011,CLT,47
18/09/2011,PHX,22
18/09/2011,MCO,61
25/09/2011,JFK,64
25/09/2011,LGA,64
25/09/2011,EWR,64
25/09/2011,ORD,60
25/09/2011,LAS,54
25/09/2011,DEN,47
25/09/2011,ATL,32
25/09/2011,SFO,57
25/09/2011,IAH,63
25/09/2011,LAX,24
25/09/2011,DFW,35
25/09/2011,SEA,40
25/09/2011,PHL,32
25/09/2011,MIA,49
25/09/2011,DTW,27
25/09/2011,BOS,42
25/09/2011,MSP,49
25/09/2011,CLT,34
25/09/2011,PHX,19
25/09/2011,MCO,63
02/10/2011,JFK,58
02/10/2011,LGA,58
02/10/2011,EWR,58
02/10/2011,ORD,62
02/10/2011,LAS,52
02/10/2011,DEN,42
02/10/2011,ATL,31
02/10/2011,SFO,63
02/10/2011,IAH,61
02/10/2011,LAX,22
02/10/2011,DFW,40
02/10/2011,SEA,82
02/10/2011,PHL,38
02/10/2011,MIA,65
02/10/2011,DTW,45
02/10/2011,BOS,59
02/10/2011,MSP,33
02/10/2011,CLT,26
02/10/2011,PHX,14
02/10/2011,MCO,73
09/10/2011,JFK,63
09/10/2011,LGA,63
09/10/2011,EWR,63
09/10/2011,ORD,59
09/10/2011,LAS,60
09/10/2011,DEN,39
09/10/2011,ATL,35
09/10/2011,SFO,53
09/10/2011,IAH,47
09/10/2011,LAX,27
09/10/2011,DFW,54
09/10/2011,SEA,52
09/10/2011,PHL,40
09/10/2011,MIA,53
09/10/2011,DTW,48
09/10/2011,BOS,53
09/10/2011,MSP,48
09/10/2011,CLT,30
09/10/2011,PHX,29
09/10/2011,MCO,67
16/10/2011,JFK,55
16/10/2011,LGA,55
16/10/2011,EWR,55
16/10/2011,ORD,60
16/10/2011,LAS,59
16/10/2011,DEN,33
16/10/2011,ATL,25
16/10/2011,SFO,39
16/10/2011,IAH,60
16/10/2011,LAX,30
16/10/2011,DFW,41
16/10/2011,SEA,51
16/10/2011,PHL,44
16/10/2011,MIA,49
16/10/2011,DTW,47
16/10/2011,BOS,57
16/10/2011,MSP,30
16/10/2011,CLT,28
16/10/2011,PHX,23
16/10/2011,MCO,59
23/10/2011,JFK,70
23/10/2011,LGA,70
23/10/2011,EWR,70
23/10/2011,ORD,59
23/10/2011,LAS,49
23/10/2011,DEN,55
23/10/2011,ATL,31
23/10/2011,SFO,50
23/10/2011,IAH,63
23/10/2011,LAX,27
23/10/2011,DFW,46
23/10/2011,SEA,44
23/10/2011,PHL,31
23/10/2011,MIA,54
23/10/2011,DTW,35
23/10/2011,BOS,47
23/10/2011,MSP,57
23/10/2011,CLT,24
23/10/2011,PHX,20
23/10/2011,MCO,57
30/10/2011,JFK,56
30/10/2011,LGA,56
30/10/2011,EWR,56
30/10/2011,ORD,57
30/10/2011,LAS,58
30/10/2011,DEN,58
30/10/2011,ATL,31
30/10/2011,SFO,62
30/10/2011,IAH,51
30/10/2011,LAX,30
30/10/2011,DFW,41
30/10/2011,SEA,46
30/10/2011,PHL,32
30/10/2011,MIA,65
30/10/2011,DTW,47
30/10/2011,BOS,38
30/10/2011,MSP,51
30/10/2011,CLT,33
30/10/2011,PHX,24
30/10/2011,MCO,50
06/11/2011,JFK,60
06/11/2011,LGA,60
06/11/2011,EWR,60
06/11/2011,ORD,51
06/11/2011,LAS,54
06/11/2011,DEN,33
06/11/2011,ATL,33
06/11/2011,SFO,35
06/11/2011,IAH,63
06/11/2011,LAX,31
06/11/2011,DFW,35
06/11/2011,SEA,56
06/11/2011,PHL,43
06/11/2011,MIA,49
06/11/2011,DTW,45
06/11/2011,BOS,40
06/11/2011,MSP,67
06/11/2011,CLT,29
06/11/2011,PHX,14
06/11/2011,MCO,57
13/11/2011,JFK,66
13/11/2011,LGA,66
13/11/2011,EWR,66
13/11/2011,ORD,61
13/11/2011,LAS,51
13/11/2011,DEN,51
13/11/2011,ATL,31
13/11/2011,SFO,71
13/11/2011,IAH,50
13/11/2011,LAX,30
13/11/2011,DFW,36
13/11/2011,SEA,53
13/11/2011,PHL,48
13/11/2011,MIA,61
13/11/2011,DTW,49
13/11/2011,BOS,56
13/11/2011,MSP,52
13/11/2011,CLT,33
13/11/2011,PHX,27
13/11/2011,MCO,61
20/11/2011,JFK,60
20/11/2011,LGA,60
20/11/2011,EWR,60
20/11/2011,ORD,47
20/11/2011,LAS,51
20/11/2011,DEN,41
20/11/2011,ATL,29
20/11/2011,SFO,32
20/11/2011,IAH,44
20/11/2011,LAX,34
20/11/2011,DFW,47
20/11/2011,SEA,48
20/11/2011,PHL,55
20/11/2011,MIA,51
20/11/2011,DTW,25
20/11/2011,BOS,54
20/11/2011,MSP,37
20/11/2011,CLT,43
20/11/2011,PHX,29
20/11/2011,MCO,50
27/11/2011,JFK,67
27/11/2011,LGA,67
27/11/2011,EWR,67
27/11/2011,ORD,63
27/11/2011,LAS,53
27/11/2011,DEN,62
27/11/2011,ATL,27
27/11/2011,SFO,47
27/11/2011,IAH,48
27/11/2011,LAX,21
27/11/2011,DFW,39
27/11/2011,SEA,38
27/11/2011,PHL,44
27/11/2011,MIA,48
27/11/2011,DTW,52
27/11/2011,BOS,36
27/11/2011,MSP,62
27/11/2011,CLT,32
27/11/2011,PHX,20
27/11/2011,MCO,48
04/12/2011,JFK,53
04/12/2011,LGA,53
04/12/2011,EWR,53
04/12/2011,ORD,55
04/12/2011,LAS,51
04/12/2011,DEN,49
04/12/2011,ATL,27
04/12/2011,SFO,45
04/12/2011,IAH,48
04/12/2011,LAX,24
04/12/2011,DFW,47
04/12/2011,SEA,51
04/12/2011,PHL,35
04/12/2011,MIA,42
04/12/2011,DTW,33
04/12/2011,BOS,39
04/12/2011,MSP,50
04/12/2011,CLT,34
04/12/2011,PHX,20
04/12/2011,MCO,49
11/12/2011,JFK,64
11/12/2011,LGA,64
11/12/2011,EWR,64
11/12/2011,ORD,56
11/12/2011,LAS,48
11/12/2011,DEN,58
11/12/2011,ATL,28
11/12/2011,SFO,47
11/12/2011,IAH,56
11/12/2011,LAX,28
11/12/2011,DFW,40
11/12/2011,SEA,46
11/12/2011,PHL,30
11/12/2011,MIA,63
11/12/2011,DTW,42
11/12/2011,BOS,40
11/12/2011,MSP,39
11/12/2011,CLT,28
11/12/2011,PHX,23
11/12/2011,MCO,63
18/12/2011,JFK,73
18/12/2011,LGA,73
18/12/2011,EWR,73
18/12/2011,ORD,60
18/12/2011,LAS,62
18/12/2011,DEN,83
18/12/2011,ATL,36
18/12/2011,SFO,51
18/12/2011,IAH,64
18/12/2011,LAX,36
18/12/2011,DFW,45
18/12/2011,SEA,60
18/12/2011,PHL,47
18/12/2011,MIA,72
18/12/2011,DTW,58
18/12/2011,BOS,48
18/12/2011,MSP,27
18/12/2011,CLT,44
18/12/2011,PHX,25
18/12/2011,MCO,63
25/12/2011,JFK,67
25/12/2011,LGA,67
25/12/2011,EWR,67
25/12/2011,ORD,57
25/12/2011,LAS,74
25/12/2011,DEN,55
25/12/2011,ATL,39
25/12/2011,SFO,47
25/12/2011,IAH,56
25/12/2011,LAX,40
25/12/2011,DFW,68
25/12/2011,SEA,74
25/12/2011,PHL,39
25/12/2011,MIA,61
25/12/2011,DTW,51
25/12/2011,BOS,42
25/12/2011,MSP,53
25/12/2011,CLT,26
25/12/2011,PHX,25
25/12/2011,MCO,55
01/01/2012,JFK,90
01/01/2012,LGA,90
01/01/2012,EWR,90
01/01/2012,ORD,68
01/01/2012,LAS,72
01/01/2012,DEN,50
01/01/2012,ATL,31
01/01/2012,SFO,62
01/01/2012,IAH,66
01/01/2012,LAX,24
01/01/2012,DFW,52
01/01/2012,SEA,44
01/01/2012,PHL,37
01/01/2012,MIA,87
01/01/2012,DTW,41
01/01/2012,BOS,62
01/01/2012,MSP,51
01/01/2012,CLT,41
01/01/2012,PHX,37
01/01/2012,MCO,70
08/01/2012,JFK,74
08/01/2012,LGA,74
08/01/2012,EWR,74
08/01/2012,ORD,93
08/01/2012,LAS,100
08/01/2012,DEN,47
08/01/2012,ATL,35
08/01/2012,SFO,40
08/01/2012,IAH,62
08/01/2012,LAX,28
08/01/2012,DFW,51
08/01/2012,SEA,44
08/01/2012,PHL,40
08/01/2012,MIA,69
08/01/2012,DTW,55
08/01/2012,BOS,53
08/01/2012,MSP,86
08/01/2012,CLT,28
08/01/2012,PHX,17
08/01/2012,MCO,69
15/01/2012,JFK,61
15/01/2012,LGA,61
15/01/2012,EWR,61
15/01/2012,ORD,75
15/01/2012,LAS,84
15/01/2012,DEN,37
15/01/2012,ATL,30
15/01/2012,SFO,73
15/01/2012,IAH,65
15/01/2012,LAX,32
15/01/2012,DFW,33
15/01/2012,SEA,98
15/01/2012,PHL,54
15/01/2012,MIA,78
15/01/2012,DTW,45
15/01/2012,BOS,43
15/01/2012,MSP,51
15/01/2012,CLT,21
15/01/2012,PHX,25
15/01/2012,MCO,72
22/01/2012,JFK,64
22/01/2012,LGA,64
22/01/2012,EWR,64
22/01/2012,ORD,73
22/01/2012,LAS,64
22/01/2012,DEN,67
22/01/2012,ATL,31
22/01/2012,SFO,46
22/01/2012,IAH,51
22/01/2012,LAX,28
22/01/2012,DFW,42
22/01/2012,SEA,56
22/01/2012,PHL,48
22/01/2012,MIA,66
22/01/2012,DTW,34
22/01/2012,BOS,45
22/01/2012,MSP,47
22/01/2012,CLT,39
22/01/2012,PHX,16
22/01/2012,MCO,78
29/01/2012,JFK,63
29/01/2012,LGA,63
29/01/2012,EWR,63
29/01/2012,ORD,68
29/01/2012,LAS,69
29/01/2012,DEN,100
29/01/2012,ATL,26
29/01/2012,SFO,67
29/01/2012,IAH,53
29/01/2012,LAX,30
29/01/2012,DFW,40
29/01/2012,SEA,47
29/01/2012,PHL,42
29/01/2012,MIA,55
29/01/2012,DTW,47
29/01/2012,BOS,41
29/01/2012,MSP,50
29/01/2012,CLT,36
29/01/2012,PHX,19
29/01/2012,MCO,68
05/02/2012,JFK,51
05/02/2012,LGA,51
05/02/2012,EWR,51
05/02/2012,ORD,55
05/02/2012,LAS,62
05/02/2012,DEN,48
05/02/2012,ATL,41
05/02/2012,SFO,42
05/02/2012,IAH,67
05/02/2012,LAX,31
05/02/2012,DFW,43
05/02/2012,SEA,56
05/02/2012,PHL,30
05/02/2012,MIA,73
05/02/2012,DTW,72
05/02/2012,BOS,49
05/02/2012,MSP,47
05/02/2012,CLT,29
05/02/2012,PHX,29
05/02/2012,MCO,88
12/02/2012,JFK,61
12/02/2012,LGA,61
12/02/2012,EWR,61
12/02/2012,ORD,50
12/02/2012,LAS,67
12/02/2012,DEN,52
12/02/2012,ATL,38
12/02/2012,SFO,39
12/02/2012,IAH,92
12/02/2012,LAX,33
12/02/2012,DFW,43
12/02/2012,SEA,56
12/02/2012,PHL,39
12/02/2012,MIA,84
12/02/2012,DTW,40
12/02/2012,BOS,47
12/02/2012,MSP,42
12/02/2012,CLT,27
12/02/2012,PHX,22
12/02/2012,MCO,60
19/02/2012,JFK,71
19/02/2012,LGA,71
19/02/2012,EWR,71
19/02/2012,ORD,78
19/02/2012,LAS,80
19/02/2012,DEN,57
19/02/2012,ATL,48
19/02/2012,SFO,67
19/02/2012,IAH,84
19/02/2012,LAX,32
19/02/2012,DFW,41
19/02/2012,SEA,59
19/02/2012,PHL,39
19/02/2012,MIA,77
19/02/2012,DTW,62
19/02/2012,BOS,51
19/02/2012,MSP,47
19/02/2012,CLT,30
19/02/2012,PHX,25
19/02/2012,MCO,92
26/02/2012,JFK,75
26/02/2012,LGA,75
26/02/2012,EWR,75
26/02/2012,ORD,68
26/02/2012,LAS,79
26/02/2012,DEN,50
26/02/2012,ATL,36
26/02/2012,SFO,33
26/02/2012,IAH,81
26/02/2012,LAX,28
26/02/2012,DFW,51
26/02/2012,SEA,65
26/02/2012,PHL,43
26/02/2012,MIA,71
26/02/2012,DTW,47
26/02/2012,BOS,57
26/02/2012,MSP,100
26/02/2012,CLT,24
26/02/2012,PHX,30
26/02/2012,MCO,100
04/03/2012,JFK,78
04/03/2012,LGA,78
04/03/2012,EWR,78
04/03/2012,ORD,78
04/03/2012,LAS,75
04/03/2012,DEN,42
04/03/2012,ATL,47
04/03/2012,SFO,63
04/03/2012,IAH,82
04/03/2012,LAX,35
04/03/2012,DFW,62
04/03/2012,SEA,61
04/03/2012,PHL,61
04/03/2012,MIA,86
04/03/2012,DTW,51
04/03/2012,BOS,57
04/03/2012,MSP,38
04/03/2012,CLT,34
04/03/2012,PHX,27
04/03/2012,MCO,98
11/03/2012,JFK,76
11/03/2012,LGA,76
11/03/2012,EWR,76
11/03/2012,ORD,73
11/03/2012,LAS,65
11/03/2012,DEN,55
11/03/2012,ATL,41
11/03/2012,SFO,87
11/03/2012,IAH,82
11/03/2012,LAX,37
11/03/2012,DFW,60
11/03/2012,SEA,69
11/03/2012,PHL,48
11/03/2012,MIA,63
11/03/2012,DTW,43
11/03/2012,BOS,59
11/03/2012,MSP,40
11/03/2012,CLT,42
11/03/2012,PHX,30
11/03/2012,MCO,81
18/03/2012,JFK,65
18/03/2012,LGA,65
18/03/2012,EWR,65
18/03/2012,ORD,58
18/03/2012,LAS,66
18/03/2012,DEN,39
18/03/2012,ATL,29
18/03/2012,SFO,77
18/03/2012,IAH,71
18/03/2012,LAX,26
18/03/2012,DFW,55
18/03/2012,SEA,67
18/03/2012,PHL,31
18/03/2012,MIA,68
18/03/2012,DTW,33
18/03/2012,BOS,49
18/03/2012,MSP,48
18/03/2012,CLT,28
18/03/2012,PHX,31
18/03/2012,MCO,78
25/03/2012,JFK,75
25/03/2012,LGA,75
25/03/2012,EWR,75
25/03/2012,ORD,69
25/03/2012,LAS,73
25/03/2012,DEN,37
25/03/2012,ATL,31
25/03/2012,SFO,75
25/03/2012,IAH,86
25/03/2012,LAX,38
25/03/2012,DFW,49
25/03/2012,SEA,69
25/03/2012,PHL,48
25/03/2012,MIA,59
25/03/2012,DTW,51
25/03/2012,BOS,53
25/03/2012,MSP,51
25/03/2012,CLT,41
25/03/2012,PHX,19
25/03/2012,MCO,64
01/04/2012,JFK,74
01/04/2012,LGA,74
01/04/2012,EWR,74
01/04/2012,ORD,57
01/04/2012,LAS,55
01/04/2012,DEN,30
01/04/2012,ATL,33
01/04/2012,SFO,45
01/04/2012,IAH,56
01/04/2012,LAX,35
01/04/2012,DFW,54
01/04/2012,SEA,61
01/04/2012,PHL,50
01/04/2012,MIA,63
01/04/2012,DTW,50
01/04/2012,BOS,48
01/04/2012,MSP,41
01/04/2012,CLT,37
01/04/2012,PHX,23
01/04/2012,MCO,73
08/04/2012,JFK,67
08/04/2012,LGA,67
08/04/2012,EWR,67
08/04/2012,ORD,58
08/04/2012,LAS,68
08/04/2012,DEN,36
08/04/2012,ATL,36
08/04/2012,SFO,60
08/04/2012,IAH,71
08/04/2012,LAX,39
08/04/2012,DFW,54
08/04/2012,SEA,56
08/04/2012,PHL,43
08/04/2012,MIA,74
08/04/2012,DTW,50
08/04/2012,BOS,37
08/04/2012,MSP,50
08/04/2012,CLT,41
08/04/2012,PHX,21
08/04/2012,MCO,59
15/04/2012,JFK,63
15/04/2012,LGA,63
15/04/2012,EWR,63
15/04/2012,ORD,68
15/04/2012,LAS,52
15/04/2012,DEN,35
15/04/2012,ATL,28
15/04/2012,SFO,59
15/04/2012,IAH,74
15/04/2012,LAX,36
15/04/2012,DFW,42
15/04/2012,SEA,64
15/04/2012,PHL,50
15/04/2012,MIA,72
15/04/2012,DTW,59
15/04/2012,BOS,39
15/04/2012,MSP,37
15/04/2012,CLT,37
15/04/2012,PHX,27
15/04/2012,MCO,53
22/04/2012,JFK,85
22/04/2012,LGA,85
22/04/2012,EWR,85
22/04/2012,ORD,72
22/04/2012,LAS,62
22/04/2012,DEN,56
22/04/2012,ATL,32
22/04/2012,SFO,49
22/04/2012,IAH,55
22/04/2012,LAX,41
22/04/2012,DFW,34
22/04/2012,SEA,59
22/04/2012,PHL,54
22/04/2012,MIA,41
22/04/2012,DTW,68
22/04/2012,BOS,58
22/04/2012,MSP,47
22/04/2012,CLT,37
22/04/2012,PHX,21
22/04/2012,MCO,64
29/04/2012,JFK,66
29/04/2012,LGA,66
29/04/2012,EWR,66
29/04/2012,ORD,64
29/04/2012,LAS,61
29/04/2012,DEN,35
29/04/2012,ATL,29
29/04/2012,SFO,58
29/04/2012,IAH,66
29/04/2012,LAX,31
29/04/2012,DFW,42
29/04/2012,SEA,58
29/04/2012,PHL,33
29/04/2012,MIA,65
29/04/2012,DTW,51
29/04/2012,BOS,39
29/04/2012,MSP,37
29/04/2012,CLT,44
29/04/2012,PHX,20
29/04/2012,MCO,61
06/05/2012,JFK,70
06/05/2012,LGA,70
06/05/2012,EWR,70
06/05/2012,ORD,75
06/05/2012,LAS,63
06/05/2012,DEN,57
06/05/2012,ATL,31
06/05/2012,SFO,56
06/05/2012,IAH,58
06/05/2012,LAX,32
06/05/2012,DFW,47
06/05/2012,SEA,63
06/05/2012,PHL,35
06/05/2012,MIA,66
06/05/2012,DTW,36
06/05/2012,BOS,58
06/05/2012,MSP,42
06/05/2012,CLT,34
06/05/2012,PHX,19
06/05/2012,MCO,70
13/05/2012,JFK,80
13/05/2012,LGA,80
13/05/2012,EWR,80
13/05/2012,ORD,59
13/05/2012,LAS,67
13/05/2012,DEN,41
13/05/2012,ATL,30
13/05/2012,SFO,63
13/05/2012,IAH,49
13/05/2012,LAX,33
13/05/2012,DFW,51
13/05/2012,SEA,58
13/05/2012,PHL,58
13/05/2012,MIA,58
13/05/2012,DTW,55
13/05/2012,BOS,54
13/05/2012,MSP,53
13/05/2012,CLT,42
13/05/2012,PHX,20
13/05/2012,MCO,63
20/05/2012,JFK,88
20/05/2012,LGA,88
20/05/2012,EWR,88
20/05/2012,ORD,75
20/05/2012,LAS,71
20/05/2012,DEN,26
20/05/2012,ATL,41
20/05/2012,SFO,58
20/05/2012,IAH,55
20/05/2012,LAX,32
20/05/2012,DFW,65
20/05/2012,SEA,52
20/05/2012,PHL,49
20/05/2012,MIA,63
20/05/2012,DTW,55
20/05/2012,BOS,60
20/05/2012,MSP,62
20/05/2012,CLT,48
20/05/2012,PHX,22
20/05/2012,MCO,71
27/05/2012,JFK,82
27/05/2012,LGA,82
27/05/2012,EWR,82
27/05/2012,ORD,87
27/05/2012,LAS,74
27/05/2012,DEN,51
27/05/2012,ATL,35
27/05/2012,SFO,56
27/05/2012,IAH,68
27/05/2012,LAX,27
27/05/2012,DFW,54
27/05/2012,SEA,71
27/05/2012,PHL,47
27/05/2012,MIA,86
27/05/2012,DTW,58
27/05/2012,BOS,54
27/05/2012,MSP,49
27/05/2012,CLT,42
27/05/2012,PHX,22
27/05/2012,MCO,71
03/06/2012,JFK,71
03/06/2012,LGA,71
03/06/2012,EWR,71
03/06/2012,ORD,64
03/06/2012,LAS,61
03/06/2012,DEN,38
03/06/2012,ATL,38
03/06/2012,SFO,85
03/06/2012,IAH,75
03/06/2012,LAX,36
03/06/2012,DFW,68
03/06/2012,SEA,79
03/06/2012,PHL,48
03/06/2012,MIA,68
03/06/2012,DTW,43
03/06/2012,BOS,47
03/06/2012,MSP,72
03/06/2012,CLT,38
03/06/2012,PHX,25
03/06/2012,MCO,52
10/06/2012,JFK,74
10/06/2012,LGA,74
10/06/2012,EWR,74
10/06/2012,ORD,86
10/06/2012,LAS,77
10/06/2012,DEN,75
10/06/2012,ATL,43
10/06/2012,SFO,72
10/06/2012,IAH,92
10/06/2012,LAX,50
10/06/2012,DFW,66
10/06/2012,SEA,79
10/06/2012,PHL,67
10/06/2012,MIA,71
10/06/2012,DTW,59
10/06/2012,BOS,39
10/06/2012,MSP,68
10/06/2012,CLT,47
10/06/2012,PHX,27
10/06/2012,MCO,83
17/06/2012,JFK,78
17/06/2012,LGA,78
17/06/2012,EWR,78
17/06/2012,ORD,82
17/06/2012,LAS,87
17/06/2012,DEN,56
17/06/2012,ATL,36
17/06/2012,SFO,75
17/06/2012,IAH,76
17/06/2012,LAX,37
17/06/2012,DFW,49
17/06/2012,SEA,100
17/06/2012,PHL,61
17/06/2012,MIA,66
17/06/2012,DTW,71
17/06/2012,BOS,52
17/06/2012,MSP,49
17/06/2012,CLT,46
17/06/2012,PHX,36
17/06/2012,MCO,85
24/06/2012,JFK,69
24/06/2012,LGA,69
24/06/2012,EWR,69
24/06/2012,ORD,78
24/06/2012,LAS,70
24/06/2012,DEN,75
24/06/2012,ATL,40
24/06/2012,SFO,90
24/06/2012,IAH,85
24/06/2012,LAX,40
24/06/2012,DFW,60
24/06/2012,SEA,75
24/06/2012,PHL,56
24/06/2012,MIA,78
24/06/2012,DTW,58
24/06/2012,BOS,60
24/06/2012,MSP,48
24/06/2012,CLT,34
24/06/2012,PHX,36
24/06/2012,MCO,92
01/07/2012,JFK,83
01/07/2012,LGA,83
01/07/2012,EWR,83
01/07/2012,ORD,76
01/07/2012,LAS,63
01/07/2012,DEN,70
01/07/2012,ATL,42
01/07/2012,SFO,81
01/07/2012,IAH,77
01/07/2012,LAX,45
01/07/2012,DFW,57
01/07/2012,SEA,83
01/07/2012,PHL,63
01/07/2012,MIA,67
01/07/2012,DTW,52
01/07/2012,BOS,53
01/07/2012,MSP,45
01/07/2012,CLT,47
01/07/2012,PHX,26
01/07/2012,MCO,73
08/07/2012,JFK,73
08/07/2012,LGA,73
08/07/2012,EWR,73
08/07/2012,ORD,71
08/07/2012,LAS,80
08/07/2012,DEN,64
08/07/2012,ATL,46
08/07/2012,SFO,89
08/07/2012,IAH,100
08/07/2012,LAX,35
08/07/2012,DFW,59
08/07/2012,SEA,67
08/07/2012,PHL,52
08/07/2012,MIA,100
08/07/2012,DTW,61
08/07/2012,BOS,59
08/07/2012,MSP,45
08/07/2012,CLT,40
08/07/2012,PHX,24
08/07/2012,MCO,73
15/07/2012,JFK,85
15/07/2012,LGA,85
15/07/2012,EWR,85
15/07/2012,ORD,75
15/07/2012,LAS,68
15/07/2012,DEN,86
15/07/2012,ATL,41
15/07/2012,SFO,71
15/07/2012,IAH,83
15/07/2012,LAX,37
15/07/2012,DFW,61
15/07/2012,SEA,64
15/07/2012,PHL,66
15/07/2012,MIA,72
15/07/2012,DTW,59
15/07/2012,BOS,60
15/07/2012,MSP,50
15/07/2012,CLT,44
15/07/2012,PHX,40
15/07/2012,MCO,74
22/07/2012,JFK,93
22/07/2012,LGA,93
22/07/2012,EWR,93
22/07/2012,ORD,78
22/07/2012,LAS,81
22/07/2012,DEN,45
22/07/2012,ATL,36
22/07/2012,SFO,73
22/07/2012,IAH,71
22/07/2012,LAX,34
22/07/2012,DFW,64
22/07/2012,SEA,77
22/07/2012,PHL,45
22/07/2012,MIA,63
22/07/2012,DTW,67
22/07/2012,BOS,57
22/07/2012,MSP,55
22/07/2012,CLT,44
22/07/2012,PHX,34
22/07/2012,MCO,72
29/07/2012,JFK,90
29/07/2012,LGA,90
29/07/2012,EWR,90
29/07/2012,ORD,81
29/07/2012,LAS,68
29/07/2012,DEN,53
29/07/2012,ATL,32
29/07/2012,SFO,72
29/07/2012,IAH,73
29/07/2012,LAX,29
29/07/2012,DFW,48
29/07/2012,SEA,81
29/07/2012,PHL,45
29/07/2012,MIA,69
29/07/2012,DTW,66
29/07/2012,BOS,57
29/07/2012,MSP,45
29/07/2012,CLT,38
29/07/2012,PHX,24
29/07/2012,MCO,70
05/08/2012,JFK,90
05/08/2012,LGA,90
05/08/2012,EWR,90
05/08/2012,ORD,75
05/08/2012,LAS,66
05/08/2012,DEN,53
05/08/2012,ATL,37
05/08/2012,SFO,79
05/08/2012,IAH,61
05/08/2012,LAX,39
05/08/2012,DFW,56
05/08/2012,SEA,54
05/08/2012,PHL,62
05/08/2012,MIA,73
05/08/2012,DTW,44
05/08/2012,BOS,55
05/08/2012,MSP,55
05/08/2012,CLT,41
05/08/2012,PHX,22
05/08/2012,MCO,69
12/08/2012,JFK,96
12/08/2012,LGA,96
12/08/2012,EWR,96
12/08/2012,ORD,81
12/08/2012,LAS,72
12/08/2012,DEN,76
12/08/2012,ATL,34
12/08/2012,SFO,61
12/08/2012,IAH,64
12/08/2012,LAX,37
12/08/2012,DFW,59
12/08/2012,SEA,71
12/08/2012,PHL,46
12/08/2012,MIA,76
12/08/2012,DTW,83
12/08/2012,BOS,59
12/08/2012,MSP,55
12/08/2012,CLT,31
12/08/2012,PHX,25
12/08/2012,MCO,60
19/08/2012,JFK,83
19/08/2012,LGA,83
19/08/2012,EWR,83
19/08/2012,ORD,70
19/08/2012,LAS,71
19/08/2012,DEN,52
19/08/2012,ATL,33
19/08/2012,SFO,41
19/08/2012,IAH,59
19/08/2012,LAX,34
19/08/2012,DFW,55
19/08/2012,SEA,58
19/08/2012,PHL,44
19/08/2012,MIA,72
19/08/2012,DTW,47
19/08/2012,BOS,45
19/08/2012,MSP,52
19/08/2012,CLT,53
19/08/2012,PHX,32
19/08/2012,MCO,61
26/08/2012,JFK,76
26/08/2012,LGA,76
26/08/2012,EWR,76
26/08/2012,ORD,78
26/08/2012,LAS,54
26/08/2012,DEN,55
26/08/2012,ATL,37
26/08/2012,SFO,57
26/08/2012,IAH,60
26/08/2012,LAX,42
26/08/2012,DFW,48
26/08/2012,SEA,70
26/08/2012,PHL,39
26/08/2012,MIA,82
26/08/2012,DTW,56
26/08/2012,BOS,63
26/08/2012,MSP,33
26/08/2012,CLT,47
26/08/2012,PHX,25
26/08/2012,MCO,64
02/09/2012,JFK,81
02/09/2012,LGA,81
02/09/2012,EWR,81
02/09/2012,ORD,70
02/09/2012,LAS,65
02/09/2012,DEN,55
02/09/2012,ATL,33
02/09/2012,SFO,57
02/09/2012,IAH,55
02/09/2012,LAX,38
02/09/2012,DFW,49
02/09/2012,SEA,59
02/09/2012,PHL,56
02/09/2012,MIA,49
02/09/2012,DTW,30
02/09/2012,BOS,36
02/09/2012,MSP,46
02/09/2012,CLT,51
02/09/2012,PHX,26
02/09/2012,MCO,68
09/09/2012,JFK,73
09/09/2012,LGA,73
09/09/2012,EWR,73
09/09/2012,ORD,62
09/09/2012,LAS,47
09/09/2012,DEN,41
09/09/2012,ATL,30
09/09/2012,SFO,47
09/09/2012,IAH,64
09/09/2012,LAX,41
09/09/2012,DFW,48
09/09/2012,SEA,50
09/09/2012,PHL,35
09/09/2012,MIA,57
09/09/2012,DTW,44
09/09/2012,BOS,48
09/09/2012,MSP,45
09/09/2012,CLT,42
09/09/2012,PHX,20
09/09/2012,MCO,69
16/09/2012,JFK,81
16/09/2012,LGA,81
16/09/2012,EWR,81
16/09/2012,ORD,74
16/09/2012,LAS,53
16/09/2012,DEN,51
16/09/2012,ATL,35
16/09/2012,SFO,95
16/09/2012,IAH,88
16/09/2012,LAX,100
16/09/2012,DFW,54
16/09/2012,SEA,59
16/09/2012,PHL,39
16/09/2012,MIA,60
16/09/2012,DTW,43
16/09/2012,BOS,62
16/09/2012,MSP,50
16/09/2012,CLT,27
16/09/2012,PHX,23
16/09/2012,MCO,61
23/09/2012,JFK,71
23/09/2012,LGA,71
23/09/2012,EWR,71
23/09/2012,ORD,76
23/09/2012,LAS,64
23/09/2012,DEN,37
23/09/2012,ATL,33
23/09/2012,SFO,61
23/09/2012,IAH,69
23/09/2012,LAX,33
23/09/2012,DFW,62
23/09/2012,SEA,63
23/09/2012,PHL,26
23/09/2012,MIA,46
23/09/2012,DTW,56
23/09/2012,BOS,68
23/09/2012,MSP,35
23/09/2012,CLT,42
23/09/2012,PHX,20
23/09/2012,MCO,46
30/09/2012,JFK,72
30/09/2012,LGA,72
30/09/2012,EWR,72
30/09/2012,ORD,64
30/09/2012,LAS,58
30/09/2012,DEN,40
30/09/2012,ATL,32
30/09/2012,SFO,51
30/09/2012,IAH,57
30/09/2012,LAX,32
30/09/2012,DFW,64
30/09/2012,SEA,61
30/09/2012,PHL,39
30/09/2012,MIA,55
30/09/2012,DTW,32
30/09/2012,BOS,66
30/09/2012,MSP,47
30/09/2012,CLT,36
30/09/2012,PHX,23
30/09/2012,MCO,61
07/10/2012,JFK,72
07/10/2012,LGA,72
07/10/2012,EWR,72
07/10/2012,ORD,51
07/10/2012,LAS,60
07/10/2012,DEN,37
07/10/2012,ATL,27
07/10/2012,SFO,79
07/10/2012,IAH,61
07/10/2012,LAX,33
07/10/2012,DFW,35
07/10/2012,SEA,43
07/10/2012,PHL,38
07/10/2012,MIA,73
07/10/2012,DTW,36
07/10/2012,BOS,33
07/10/2012,MSP,44
07/10/2012,CLT,28
07/10/2012,PHX,32
07/10/2012,MCO,47
14/10/2012,JFK,69
14/10/2012,LGA,69
14/10/2012,EWR,69
14/10/2012,ORD,57
14/10/2012,LAS,55
14/10/2012,DEN,65
14/10/2012,ATL,34
14/10/2012,SFO,58
14/10/2012,IAH,70
14/10/2012,LAX,27
14/10/2012,DFW,56
14/10/2012,SEA,44
14/10/2012,PHL,35
14/10/2012,MIA,67
14/10/2012,DTW,62
14/10/2012,BOS,49
14/10/2012,MSP,38
14/10/2012,CLT,31
14/10/2012,PHX,23
14/10/2012,MCO,78
21/10/2012,JFK,65
21/10/2012,LGA,65
21/10/2012,EWR,65
21/10/2012,ORD,65
21/10/2012,LAS,60
21/10/2012,DEN,50
21/10/2012,ATL,34
21/10/2012,SFO,82
21/10/2012,IAH,63
21/10/2012,LAX,30
21/10/2012,DFW,40
21/10/2012,SEA,45
21/10/2012,PHL,55
21/10/2012,MIA,70
21/10/2012,DTW,56
21/10/2012,BOS,56
21/10/2012,MSP,38
21/10/2012,CLT,46
21/10/2012,PHX,25
21/10/2012,MCO,70
28/10/2012,JFK,100
28/10/2012,LGA,100
28/10/2012,EWR,100
28/10/2012,ORD,93
28/10/2012,LAS,52
28/10/2012,DEN,53
28/10/2012,ATL,43
28/10/2012,SFO,83
28/10/2012,IAH,67
28/10/2012,LAX,34
28/10/2012,DFW,58
28/10/2012,SEA,55
28/10/2012,PHL,100
28/10/2012,MIA,65
28/10/2012,DTW,76
28/10/2012,BOS,90
28/10/2012,MSP,70
28/10/2012,CLT,53
28/10/2012,PHX,24
28/10/2012,MCO,70
04/11/2012,JFK,72
04/11/2012,LGA,72
04/11/2012,EWR,72
04/11/2012,ORD,66
04/11/2012,LAS,55
04/11/2012,DEN,69
04/11/2012,ATL,33
04/11/2012,SFO,68
04/11/2012,IAH,73
04/11/2012,LAX,32
04/11/2012,DFW,54
04/11/2012,SEA,64
04/11/2012,PHL,52
04/11/2012,MIA,49
04/11/2012,DTW,32
04/11/2012,BOS,42
04/11/2012,MSP,37
04/11/2012,CLT,23
04/11/2012,PHX,26
04/11/2012,MCO,59
11/11/2012,JFK,62
11/11/2012,LGA,62
11/11/2012,EWR,62
11/11/2012,ORD,59
11/11/2012,LAS,49
11/11/2012,DEN,53
11/11/2012,ATL,39
11/11/2012,SFO,71
11/11/2012,IAH,73
11/11/2012,LAX,24
11/11/2012,DFW,44
11/11/2012,SEA,59
11/11/2012,PHL,47
11/11/2012,MIA,54
11/11/2012,DTW,38
11/11/2012,BOS,48
11/11/2012,MSP,48
11/11/2012,CLT,31
11/11/2012,PHX,29
11/11/2012,MCO,71
18/11/2012,JFK,60
18/11/2012,LGA,60
18/11/2012,EWR,60
18/11/2012,ORD,84
18/11/2012,LAS,51
18/11/2012,DEN,59
18/11/2012,ATL,30
18/11/2012,SFO,68
18/11/2012,IAH,50
18/11/2012,LAX,31
18/11/2012,DFW,51
18/11/2012,SEA,60
18/11/2012,PHL,43
18/11/2012,MIA,51
18/11/2012,DTW,53
18/11/2012,BOS,41
18/11/2012,MSP,68
18/11/2012,CLT,33
18/11/2012,PHX,26
18/11/2012,MCO,47
25/11/2012,JFK,56
25/11/2012,LGA,56
25/11/2012,EWR,56
25/11/2012,ORD,59
25/11/2012,LAS,38
25/11/2012,DEN,41
25/11/2012,ATL,32
25/11/2012,SFO,81
25/11/2012,IAH,51
25/11/2012,LAX,32
25/11/2012,DFW,44
25/11/2012,SEA,55
25/11/2012,PHL,39
25/11/2012,MIA,65
25/11/2012,DTW,52
25/11/2012,BOS,41
25/11/2012,MSP,52
25/11/2012,CLT,38
25/11/2012,PHX,24
25/11/2012,MCO,69
02/12/2012,JFK,65
02/12/2012,LGA,65
02/12/2012,EWR,65
02/12/2012,ORD,54
02/12/2012,LAS,52
02/12/2012,DEN,43
02/12/2012,ATL,34
02/12/2012,SFO,62
02/12/2012,IAH,60
02/12/2012,LAX,26
02/12/2012,DFW,39
02/12/2012,SEA,58
02/12/2012,PHL,55
02/12/2012,MIA,75
02/12/2012,DTW,49
02/12/2012,BOS,36
02/12/2012,MSP,25
02/12/2012,CLT,33
02/12/2012,PHX,22
02/12/2012,MCO,55
09/12/2012,JFK,56
09/12/2012,LGA,56
09/12/2012,EWR,56
09/12/2012,ORD,56
09/12/2012,LAS,45
09/12/2012,DEN,47
09/12/2012,ATL,27
09/12/2012,SFO,47
09/12/2012,IAH,59
09/12/2012,LAX,26
09/12/2012,DFW,35
09/12/2012,SEA,51
09/12/2012,PHL,40
09/12/2012,MIA,63
09/12/2012,DTW,41
09/12/2012,BOS,33
09/12/2012,MSP,69
09/12/2012,CLT,32
09/12/2012,PHX,17
09/12/2012,MCO,57
16/12/2012,JFK,70
16/12/2012,LGA,70
16/12/2012,EWR,70
16/12/2012,ORD,94
16/12/2012,LAS,58
16/12/2012,DEN,66
16/12/2012,ATL,35
16/12/2012,SFO,100
16/12/2012,IAH,72
16/12/2012,LAX,32
16/12/2012,DFW,58
16/12/2012,SEA,61
16/12/2012,PHL,64
16/12/2012,MIA,70
16/12/2012,DTW,90
16/12/2012,BOS,50
16/12/2012,MSP,74
16/12/2012,CLT,40
16/12/2012,PHX,26
16/12/2012,MCO,71
23/12/2012,JFK,97
23/12/2012,LGA,97
23/12/2012,EWR,97
23/12/2012,ORD,91
23/12/2012,LAS,61
23/12/2012,DEN,79
23/12/2012,ATL,51
23/12/2012,SFO,70
23/12/2012,IAH,98
23/12/2012,LAX,34
23/12/2012,DFW,82
23/12/2012,SEA,72
23/12/2012,PHL,67
23/12/2012,MIA,79
23/12/2012,DTW,95
23/12/2012,BOS,74
23/12/2012,MSP,67
23/12/2012,CLT,56
23/12/2012,PHX,29
23/12/2012,MCO,83
30/12/2012,JFK,77
30/12/2012,LGA,77
30/12/2012,EWR,77
30/12/2012,ORD,73
30/12/2012,LAS,75
30/12/2012,DEN,72
30/12/2012,ATL,38
30/12/2012,SFO,50
30/12/2012,IAH,83
30/12/2012,LAX,36
30/12/2012,DFW,66
30/12/2012,SEA,83
30/12/2012,PHL,49
30/12/2012,MIA,77
30/12/2012,DTW,68
30/12/2012,BOS,45
30/12/2012,MSP,51
30/12/2012,CLT,42
30/12/2012,PHX,37
30/12/2012,MCO,71
06/01/2013,JFK,77
06/01/2013,LGA,77
06/01/2013,EWR,77
06/01/2013,ORD,68
06/01/2013,LAS,72
06/01/2013,DEN,51
06/01/2013,ATL,34
06/01/2013,SFO,72
06/01/2013,IAH,87
06/01/2013,LAX,35
06/01/2013,DFW,53
06/01/2013,SEA,63
06/01/2013,PHL,45
06/01/2013,MIA,65
06/01/2013,DTW,65
06/01/2013,BOS,45
06/01/2013,MSP,47
06/01/2013,CLT,27
06/01/2013,PHX,28
06/01/2013,MCO,88
13/01/2013,JFK,75
13/01/2013,LGA,75
13/01/2013,EWR,75
13/01/2013,ORD,66
13/01/2013,LAS,69
13/01/2013,DEN,60
13/01/2013,ATL,40
13/01/2013,SFO,53
13/01/2013,IAH,73
13/01/2013,LAX,39
13/01/2013,DFW,59
13/01/2013,SEA,69
13/01/2013,PHL,57
13/01/2013,MIA,86
13/01/2013,DTW,47
13/01/2013,BOS,57
13/01/2013,MSP,57
13/01/2013,CLT,41
13/01/2013,PHX,19
13/01/2013,MCO,82
20/01/2013,JFK,69
20/01/2013,LGA,69
20/01/2013,EWR,69
20/01/2013,ORD,68
20/01/2013,LAS,65
20/01/2013,DEN,44
20/01/2013,ATL,26
20/01/2013,SFO,73
20/01/2013,IAH,68
20/01/2013,LAX,35
20/01/2013,DFW,39
20/01/2013,SEA,50
20/01/2013,PHL,45
20/01/2013,MIA,79
20/01/2013,DTW,46
20/01/2013,BOS,57
20/01/2013,MSP,64
20/01/2013,CLT,50
20/01/2013,PHX,25
20/01/2013,MCO,69
27/01/2013,JFK,61
27/01/2013,LGA,61
27/01/2013,EWR,61
27/01/2013,ORD,72
27/01/2013,LAS,71
27/01/2013,DEN,51
27/01/2013,ATL,40
27/01/2013,SFO,59
27/01/2013,IAH,53
27/01/2013,LAX,37
27/01/2013,DFW,52
27/01/2013,SEA,60
27/01/2013,PHL,51
27/01/2013,MIA,70
27/01/2013,DTW,58
27/01/2013,BOS,54
27/01/2013,MSP,39
27/01/2013,CLT,39
27/01/2013,PHX,25
27/01/2013,MCO,80
03/02/2013,JFK,81
03/02/2013,LGA,81
03/02/2013,EWR,81
03/02/2013,ORD,77
03/02/2013,LAS,67
03/02/2013,DEN,56
03/02/2013,ATL,32
03/02/2013,SFO,61
03/02/2013,IAH,70
03/02/2013,LAX,32
03/02/2013,DFW,50
03/02/2013,SEA,52
03/02/2013,PHL,67
03/02/2013,MIA,75
03/02/2013,DTW,70
03/02/2013,BOS,94
03/02/2013,MSP,64
03/02/2013,CLT,47
03/02/2013,PHX,25
03/02/2013,MCO,77
10/02/2013,JFK,76
10/02/2013,LGA,76
10/02/2013,EWR,76
10/02/2013,ORD,52
10/02/2013,LAS,56
10/02/2013,DEN,45
10/02/2013,ATL,33
10/02/2013,SFO,45
10/02/2013,IAH,69
10/02/2013,LAX,28
10/02/2013,DFW,52
10/02/2013,SEA,54
10/02/2013,PHL,42
10/02/2013,MIA,59
10/02/2013,DTW,53
10/02/2013,BOS,62
10/02/2013,MSP,77
10/02/2013,CLT,52
10/02/2013,PHX,28
10/02/2013,MCO,66
17/02/2013,JFK,60
17/02/2013,LGA,60
17/02/2013,EWR,60
17/02/2013,ORD,90
17/02/2013,LAS,75
17/02/2013,DEN,53
17/02/2013,ATL,36
17/02/2013,SFO,58
17/02/2013,IAH,80
17/02/2013,LAX,36
17/02/2013,DFW,51
17/02/2013,SEA,62
17/02/2013,PHL,60
17/02/2013,MIA,75
17/02/2013,DTW,60
17/02/2013,BOS,69
17/02/2013,MSP,90
17/02/2013,CLT,44
17/02/2013,PHX,27
17/02/2013,MCO,92
24/02/2013,JFK,80
24/02/2013,LGA,80
24/02/2013,EWR,80
24/02/2013,ORD,89
24/02/2013,LAS,85
24/02/2013,DEN,68
24/02/2013,ATL,38
24/02/2013,SFO,64
24/02/2013,IAH,65
24/02/2013,LAX,37
24/02/2013,DFW,61
24/02/2013,SEA,73
24/02/2013,PHL,52
24/02/2013,MIA,73
24/02/2013,DTW,76
24/02/2013,BOS,74
24/02/2013,MSP,62
24/02/2013,CLT,42
24/02/2013,PHX,25
24/02/2013,MCO,63
03/03/2013,JFK,81
03/03/2013,LGA,81
03/03/2013,EWR,81
03/03/2013,ORD,98
03/03/2013,LAS,64
03/03/2013,DEN,62
03/03/2013,ATL,38
03/03/2013,SFO,63
03/03/2013,IAH,67
03/03/2013,LAX,46
03/03/2013,DFW,69
03/03/2013,SEA,70
03/03/2013,PHL,69
03/03/2013,MIA,93
03/03/2013,DTW,95
03/03/2013,BOS,100
03/03/2013,MSP,83
03/03/2013,CLT,43
03/03/2013,PHX,27
03/03/2013,MCO,93
04/03/2013,JFK,81
04/03/2013,LGA,81
04/03/2013,EWR,81
04/03/2013,ORD,98
04/03/2013,LAS,64
04/03/2013,DEN,62
04/03/2013,ATL,38
04/03/2013,SFO,63
04/03/2013,IAH,67
04/03/2013,LAX,46
04/03/2013,DFW,69
04/03/2013,SEA,70
04/03/2013,PHL,69
04/03/2013,MIA,93
04/03/2013,DTW,95
04/03/2013,BOS,100
04/03/2013,MSP,83
04/03/2013,CLT,43
04/03/2013,PHX,27
04/03/2013,MCO,93
05/03/2013,JFK,81
05/03/2013,LGA,81
05/03/2013,EWR,81
05/03/2013,ORD,98
05/03/2013,LAS,64
05/03/2013,DEN,62
05/03/2013,ATL,38
05/03/2013,SFO,63
05/03/2013,IAH,67
05/03/2013,LAX,46
05/03/2013,DFW,69
05/03/2013,SEA,70
05/03/2013,PHL,69
05/03/2013,MIA,93
05/03/2013,DTW,95
05/03/2013,BOS,100
05/03/2013,MSP,83
05/03/2013,CLT,43
05/03/2013,PHX,27
05/03/2013,MCO,93